Year,Time_ref,MAGNITUDE,UNIT,country_code,country_name,Goods_Exports,Goods_Imports,Services_Exports,Services_Imports,Total_exports,Total_imports,Two_way_trade
2015,2015.03,6,dollars,AD,Andorra,0,0,0.2,0,0.2,0.1,0.2
2015,2015.03,6,dollars,AE,United Arab Emirates,947.5,690.2,110.2,175.7,1057.7,865.9,1923.6
2015,2015.03,6,dollars,AF,Afghanistan,0.3,0.2,1.6,5.4,1.8,5.6,7.4
2015,2015.03,6,dollars,AG,Antigua and Barbuda,1.4,0.1,0.3,0.4,1.7,0.5,2.2
2015,2015.03,6,dollars,AI,Anguilla,0,0.2,0,0,0,0.2,0.2
2015,2015.03,6,dollars,AL,Albania,0.3,0.3,0.2,0.2,0.5,0.5,0.9
2015,2015.03,6,dollars,AM,Armenia,13.1,0.1,0.2,0,13.3,0.1,13.4
2015,2015.03,6,dollars,AO,Angola,41.1,0,0.7,0.4,41.8,0.5,42.2
2015,2015.03,6,dollars,AQ,Antarctica,0.4,5.8,0.9,0.3,1.3,6.2,7.5
2015,2015.03,6,dollars,AR,Argentina,23.8,178.5,27.9,18.5,51.7,197,248.6
2015,2015.03,6,dollars,AS,"Samoa, American",35.3,1.7,5.7,2,40.9,3.7,44.7
2015,2015.03,6,dollars,AT,Austria,20.6,254.9,31,30,51.6,284.9,336.5
2015,2015.03,6,dollars,AU,Australia,8647.8,6001.6,4240.8,5200.4,12888.6,11202,24090.6
2015,2015.03,6,dollars,AW,Aruba,1.1,0,0,0.1,1.1,0.1,1.2
2015,2015.03,6,dollars,AZ,Azerbaijan,97.8,0.2,1,0.2,98.8,0.4,99.1
2015,2015.03,6,dollars,BA,Bosnia and Herzegovina,0.2,0.8,0,0.3,0.2,1.1,1.3
2015,2015.03,6,dollars,BB,Barbados,24.5,0.4,1.8,3.8,26.4,4.2,30.5
2015,2015.03,6,dollars,BD,Bangladesh,195.7,62.8,14,2.7,209.7,65.5,275.2
2015,2015.03,6,dollars,BE,Belgium,239,292.4,38.7,52.4,277.6,344.8,622.4
2015,2015.03,6,dollars,BF,Burkina Faso,2.5,0,0.1,0,2.6,0,2.6
2015,2015.03,6,dollars,BG,Bulgaria,7.5,28.2,2.7,0.9,10.2,29.1,39.3
2015,2015.03,6,dollars,BH,Bahrain,69.6,4.5,1.8,0.5,71.4,5,76.4
2015,2015.03,6,dollars,BI,Burundi,0,0,0,0.1,0.1,0.1,0.1
2015,2015.03,6,dollars,BJ,Benin,3.9,0,0.1,0,4.1,0,4.1
2015,2015.03,6,dollars,BM,Bermuda,4.2,5,7,46.2,11.2,51.2,62.4
2015,2015.03,6,dollars,BN,Brunei Darussalam,4.7,528.6,12,2.2,16.7,530.8,547.5
2015,2015.03,6,dollars,BO,Bolivia,0.4,3.8,2,2,2.4,5.8,8.2
2015,2015.03,6,dollars,BR,Brazil,120.4,121.7,142.2,23.9,262.7,145.6,408.3
2015,2015.03,6,dollars,BS,Bahamas,2.1,0.1,5.7,0.6,7.8,0.7,8.5
2015,2015.03,6,dollars,BT,Bhutan,0.7,0,0.3,0.3,0.9,0.3,1.2
2015,2015.03,6,dollars,BW,Botswana,0.2,0,1.1,0.4,1.2,0.4,1.6
2015,2015.03,6,dollars,BY,Belarus,0.5,25.9,0.6,0.1,1.1,26,27.1
2015,2015.03,6,dollars,BZ,Belize,0.6,0,2.1,0.2,2.7,0.2,2.9
2015,2015.03,6,dollars,CA,Canada,605.4,513.2,332.9,124.9,938.3,638,1576.3
2015,2015.03,6,dollars,CC,Cocos (Keeling) Islands,0,0,0,0,0,0,0
2015,2015.03,6,dollars,CD,"Congo, the Democratic Republic of the",16.4,0.6,0,0.2,16.4,0.7,17.1
2015,2015.03,6,dollars,CF,Central African Republic,0.2,0,0.1,0,0.3,0,0.3
2015,2015.03,6,dollars,CG,Congo,4.5,0.1,0,0.1,4.5,0.2,4.7
2015,2015.03,6,dollars,CH,Switzerland,88.5,321.8,195,196.8,283.5,518.5,802.1
2015,2015.03,6,dollars,CI,Cote D'Ivoire,13,1.5,0.1,0.1,13,1.7,14.7
2015,2015.03,6,dollars,CK,Cook Islands,103.5,0.4,44.2,179.9,147.7,180.3,328
2015,2015.03,6,dollars,CL,Chile,133.9,115.5,49.9,10.8,183.7,126.3,310
2015,2015.03,6,dollars,CM,Cameroon,34.7,2.1,0.3,0,34.9,2.2,37.1
2015,2015.03,6,dollars,CN,"China, People's Republic of",8581.1,8647.9,2180.9,510.9,10762,9158.8,19920.8
2015,2015.03,6,dollars,CO,Colombia,21.9,20.4,28.5,1.8,50.4,22.2,72.5
2015,2015.03,6,dollars,CR,Costa Rica,3.3,11.2,1.6,1,4.9,12.2,17.1
2015,2015.03,6,dollars,CU,Cuba,74.7,0.9,1.1,0.8,75.8,1.7,77.5
2015,2015.03,6,dollars,CV,Cabo Verde,0,0.1,0,0,0.1,0.1,0.1
2015,2015.03,6,dollars,CW,Curacao,1.1,0,91.7,0,92.8,0,92.8
2015,2015.03,6,dollars,CX,Christmas Island,0,3.2,0,0,0,3.3,3.3
2015,2015.03,6,dollars,CY,Cyprus,13.5,2,1.5,13.1,15,15.1,30.1
2015,2015.03,6,dollars,CZ,Czechia,8.4,92.8,17.2,2.8,25.6,95.6,121.2
2015,2015.03,6,dollars,DE,Germany,601.4,2275.9,697.5,397.4,1298.8,2673.3,3972.1
2015,2015.03,6,dollars,DJ,Djibouti,1.3,0,0,0,1.3,0,1.3
2015,2015.03,6,dollars,DK,Denmark,132.5,249.4,169.8,835.7,302.3,1085.1,1387.4
2015,2015.03,6,dollars,DM,Dominica,0.1,0.1,0,0,0.2,0.1,0.3
2015,2015.03,6,dollars,DO,Dominican Republic,14,6.9,0.9,0.6,14.9,7.5,22.3
2015,2015.03,6,dollars,DZ,Algeria,631,0,0.3,0,631.2,0,631.3
2015,2015.03,6,dollars,EC,Ecuador,5.5,35.4,3.8,1.6,9.3,37.1,46.4
2015,2015.03,6,dollars,EE,Estonia,2.9,2.5,1.6,0.1,4.4,2.6,7
2015,2015.03,6,dollars,EG,Egypt,477.8,3.4,3.2,5.9,481.1,9.3,490.4
2015,2015.03,6,dollars,ER,Eritrea,0,0,0.1,0.1,0.1,0.1,0.2
2015,2015.03,6,dollars,ES,Spain,188.1,588.4,53.4,24.2,241.5,612.6,854.1
2015,2015.03,6,dollars,ET,Ethiopia,2.8,5.8,0.5,4.2,3.2,9.9,13.2
2015,2015.03,6,dollars,FI,Finland,24.2,151.7,18.1,4.6,42.3,156.4,198.6
2015,2015.03,6,dollars,FJ,Fiji,373.5,50.7,147.7,291.6,521.2,342.3,863.5
2015,2015.03,6,dollars,FK,Falkland Islands,0.3,0,0,0.2,0.3,0.3,0.5
2015,2015.03,6,dollars,FM,"Micronesia, Federated States of",1.5,0,0.8,0.3,2.3,0.3,2.7
2015,2015.03,6,dollars,FO,Faeroe Islands,4.1,0,0.1,0,4.2,0,4.2
2015,2015.03,6,dollars,FR,France,366.2,1178.8,344.9,141.2,711,1320,2031
2015,2015.03,6,dollars,GA,Gabon,4.1,1.5,0.4,0,4.4,1.5,5.9
2015,2015.03,6,dollars,GB,United Kingdom,1525,1282.1,1350.3,905.9,2875.3,2187.9,5063.2
2015,2015.03,6,dollars,GD,Grenada,3.6,0,0.7,0.2,4.3,0.2,4.5
2015,2015.03,6,dollars,GE,Georgia,12.5,0.4,1.8,1.8,14.3,2.2,16.4
2015,2015.03,6,dollars,GF,French Guiana,1,0,0.1,0,1.1,0,1.1
2015,2015.03,6,dollars,GH,Ghana,29.5,6.6,1.3,0.4,30.7,7.1,37.8
2015,2015.03,6,dollars,GI,Gibraltar,1.5,0,0.7,0.3,2.1,0.3,2.5
2015,2015.03,6,dollars,GL,Greenland,0,0,0,0,0,0,0
2015,2015.03,6,dollars,GM,Gambia,0.5,0,0.1,0,0.6,0,0.6
2015,2015.03,6,dollars,GN,Guinea,4.2,0.3,0.1,0.1,4.3,0.4,4.7
2015,2015.03,6,dollars,GP,Guadeloupe,7.2,0.2,0.9,0,8.2,0.2,8.4
2015,2015.03,6,dollars,GQ,Equatorial Guinea,1.8,0,0,0.1,1.8,0.1,1.9
2015,2015.03,6,dollars,GR,Greece,36.1,25.9,4.1,10.9,40.2,36.8,77
2015,2015.03,6,dollars,GS,South Georgia and the South Sandwich Islands,0,0,0,0,0,0,0
2015,2015.03,6,dollars,GT,Guatemala,31.8,5,0.5,0.7,32.3,5.7,38
2015,2015.03,6,dollars,GU,Guam,7,0.1,1.2,0.2,8.2,0.3,8.5
2015,2015.03,6,dollars,GW,Guinea-Bissau,0.1,0,0,0,0.1,0,0.1
2015,2015.03,6,dollars,GY,Guyana,18.2,2.2,0.1,0.1,18.3,2.3,20.6
2015,2015.03,6,dollars,HK,Hong Kong (Special Administrative Region),712.5,120.8,340.1,306.2,1052.6,427,1479.6
2015,2015.03,6,dollars,HN,Honduras,2.6,4.1,0,0.2,2.6,4.3,7
2015,2015.03,6,dollars,HR,Croatia,2.4,2.5,1.9,5.6,4.4,8.1,12.5
2015,2015.03,6,dollars,HT,Haiti,0.5,0.9,0,0.1,0.6,0.9,1.5
2015,2015.03,6,dollars,HU,Hungary,1.8,71.9,5,3.1,6.8,75.1,81.9
2015,2015.03,6,dollars,ID,Indonesia,878.5,765.1,88.6,95.8,967.1,861,1828.1
2015,2015.03,6,dollars,IE,Ireland,52.1,222.2,47.2,141.3,99.4,363.4,462.8
2015,2015.03,6,dollars,IL,Israel,24,110.5,19.3,7.1,43.3,117.6,160.9
2015,2015.03,6,dollars,IN,India,599.4,499.1,773.5,201.5,1372.9,700.6,2073.6
2015,2015.03,6,dollars,IO,British Indian Ocean Territory,0,0,0,0,0,0,0
2015,2015.03,6,dollars,IQ,Iraq,4.5,0,2,1,6.6,1,7.6
2015,2015.03,6,dollars,IR,Iran,134.4,3.7,5.6,9.4,140,13.1,153.1
2015,2015.03,6,dollars,IS,Iceland,1.2,2.2,14.2,0.7,15.4,2.8,18.2
2015,2015.03,6,dollars,IT,Italy,409.4,890.6,57.7,54,467.1,944.6,1411.7
2015,2015.03,6,dollars,JM,Jamaica,33.6,5.6,1.2,0.4,34.8,6.1,40.9
2015,2015.03,6,dollars,JO,Jordan,96.2,7.4,1,1.6,97.3,8.9,106.2
2015,2015.03,6,dollars,JP,Japan,2955.1,3137.8,721.5,192.4,3676.6,3330.2,7006.8
2015,2015.03,6,dollars,KE,Kenya,6.8,3.1,4.7,2.8,11.5,5.9,17.4
2015,2015.03,6,dollars,KG,Kyrgyzstan,0.3,0,0.4,0.1,0.7,0.2,0.9
2015,2015.03,6,dollars,KH,Cambodia,6.3,10.1,11.4,13.6,17.8,23.7,41.5
2015,2015.03,6,dollars,KI,Kiribati,11.5,0.1,4,5.2,15.4,5.3,20.7
2015,2015.03,6,dollars,KM,Comoros,0.3,0,0,0,0.3,0,0.3
2015,2015.03,6,dollars,KN,St Kitts and Nevis,0.1,0,0,0.1,0.1,0.1,0.3
2015,2015.03,6,dollars,KR,"Korea, Republic of",1732.8,2072.9,444,162.9,2176.8,2235.9,4412.6
2015,2015.03,6,dollars,KW,Kuwait,78.3,455.5,6.4,2.1,84.7,457.7,542.3
2015,2015.03,6,dollars,KY,Cayman Islands,0.7,0.6,2.8,0.3,3.5,0.9,4.5
2015,2015.03,6,dollars,KZ,Kazakhstan,1.4,0.7,3.6,0.4,5,1.1,6.1
2015,2015.03,6,dollars,LA,Laos,1.2,4.6,2.9,2.3,4.1,7,11.1
2015,2015.03,6,dollars,LB,Lebanon,13.2,1,0.8,0.5,14,1.5,15.5
2015,2015.03,6,dollars,LC,St Lucia,3.6,0,0,0.1,3.6,0.1,3.7
2015,2015.03,6,dollars,LI,Liechtenstein,0,0.3,0.5,0.7,0.5,1,1.5
2015,2015.03,6,dollars,LK,Sri Lanka,261.2,49.8,34.8,12.9,296,62.7,358.7
2015,2015.03,6,dollars,LR,Liberia,0.7,0,0,0,0.8,0,0.8
2015,2015.03,6,dollars,LS,Lesotho,0,0,0.1,0,0.1,0,0.1
2015,2015.03,6,dollars,LT,Lithuania,17.7,12.3,1.1,0.6,18.9,12.9,31.8
2015,2015.03,6,dollars,LU,Luxembourg,0.2,7.1,2.8,0.9,3,7.9,10.9
2015,2015.03,6,dollars,LV,Latvia,10.4,4,1.5,0.2,11.9,4.2,16.1
2015,2015.03,6,dollars,LY,Libya,63.5,0,1.3,0.1,64.8,0.1,64.9
2015,2015.03,6,dollars,MA,Morocco,81.3,95.8,1.8,1.4,83.1,97.3,180.4
2015,2015.03,6,dollars,MC,Monaco,0.1,0.2,47.9,0.7,47.9,0.9,48.8
2015,2015.03,6,dollars,MD,Moldova,1.4,0.3,0.2,0,1.6,0.4,1.9
2015,2015.03,6,dollars,ME,Montenegro,0,0.1,0,0,0,0.1,0.1
2015,2015.03,6,dollars,MG,Madagascar,1.1,0.9,0.2,0.3,1.3,1.2,2.5
2015,2015.03,6,dollars,MH,Marshall Islands,3.1,0.3,2,0.1,5.1,0.4,5.4
2015,2015.03,6,dollars,MK,North Macedonia,0,0.7,0.5,0.5,0.5,1.2,1.7
2015,2015.03,6,dollars,ML,Mali,9.8,0,0.1,0.3,9.9,0.3,10.3
2015,2015.03,6,dollars,MM,Myanmar,21.2,1.9,4.4,2.4,25.6,4.3,29.9
2015,2015.03,6,dollars,MN,Mongolia,15.2,0.9,1.4,0.3,16.7,1.2,17.8
2015,2015.03,6,dollars,MO,Macau (Special Administrative Region),6.9,0.9,7,2.2,13.8,3.1,16.9
2015,2015.03,6,dollars,MP,Northern Mariana Islands,4.1,0,0.4,0.1,4.5,0.1,4.6
2015,2015.03,6,dollars,MQ,Martinique,4.7,0,0,0,4.8,0,4.8
2015,2015.03,6,dollars,MR,Mauritania,0.2,0,0,0,0.3,0,0.3
2015,2015.03,6,dollars,MS,Montserrat,0,0,0.2,0,0.2,0,0.2
2015,2015.03,6,dollars,MT,Malta,6.2,3.9,1.6,0.9,7.8,4.8,12.6
2015,2015.03,6,dollars,MU,Mauritius,78.6,1.8,2.3,2.3,80.9,4.2,85
2015,2015.03,6,dollars,MV,Maldives,20.9,0,1.4,1.2,22.3,1.2,23.5
2015,2015.03,6,dollars,MW,Malawi,0.1,0.2,0.2,0.3,0.3,0.6,0.9
2015,2015.03,6,dollars,MX,Mexico,306.3,237.3,31.8,20.2,338.1,257.5,595.6
2015,2015.03,6,dollars,MY,Malaysia,999.6,1977.1,183,168.1,1182.6,2145.2,3327.8
2015,2015.03,6,dollars,MZ,Mozambique,11.6,1.3,0.2,0.3,11.8,1.6,13.4
2015,2015.03,6,dollars,NA,Namibia,1.1,0.2,0.6,0.8,1.7,1,2.7
2015,2015.03,6,dollars,NC,New Caledonia,149.5,2.1,72.6,24.5,222.1,26.6,248.7
2015,2015.03,6,dollars,NE,Niger,0.7,0,0.1,0.1,0.7,0.1,0.9
2015,2015.03,6,dollars,NF,Norfolk Island,10.7,0,2,10.2,12.8,10.2,23
2015,2015.03,6,dollars,NG,Nigeria,331.2,30,1.5,0.4,332.7,30.3,363.1
2015,2015.03,6,dollars,NI,Nicaragua,23.8,1.5,0.1,0.4,23.9,1.9,25.8
2015,2015.03,6,dollars,NL,Netherlands,874.9,436.6,133.2,137.9,1008.1,574.6,1582.7
2015,2015.03,6,dollars,NO,Norway,42.7,48.7,27.7,4.8,70.4,53.5,123.9
2015,2015.03,6,dollars,NP,Nepal,11.2,1,25.4,4.4,36.5,5.4,41.9
2015,2015.03,6,dollars,NR,Nauru,0.9,3.8,0.7,1.5,1.6,5.3,6.9
2015,2015.03,6,dollars,NZ,New Zealand,0,182.6,0,0,0,182.6,182.6
2015,2015.03,6,dollars,OM,Oman,88.3,27.6,10,1.7,98.3,29.4,127.6
2015,2015.03,6,dollars,PA,Panama,50.6,0.4,1,0.4,51.6,0.8,52.4
2015,2015.03,6,dollars,PE,Peru,185,42.5,4.9,4.9,189.9,47.4,237.3
2015,2015.03,6,dollars,PF,French Polynesia,170,3,76.9,21.6,246.9,24.6,271.4
2015,2015.03,6,dollars,PG,Papua New Guinea,200.5,12.5,70.5,22.4,271,34.9,305.9
2015,2015.03,6,dollars,PH,Philippines,735.2,122.5,126.8,92.9,862,215.4,1077.4
2015,2015.03,6,dollars,PK,Pakistan,64.5,60.9,8,3.5,72.5,64.5,137
2015,2015.03,6,dollars,PL,Poland,24,97.4,14,6,38,103.3,141.3
2015,2015.03,6,dollars,PM,St Pierre and Miquelon,0,0,0,0,0,0,0
2015,2015.03,6,dollars,PN,Pitcairn,1.7,0,0.1,0.1,1.8,0.1,1.9
2015,2015.03,6,dollars,PR,Puerto Rico,2.3,13,0.5,0,2.8,13,15.8
2015,2015.03,6,dollars,PT,Portugal,36.4,28.8,5.7,2.8,42.1,31.6,73.7
2015,2015.03,6,dollars,PW,Palau,0.5,0,0.4,0.5,0.9,0.5,1.4
2015,2015.03,6,dollars,PY,Paraguay,1.3,0.4,0.8,0,2.1,0.4,2.5
2015,2015.03,6,dollars,QA,Qatar,32.1,752.7,8.6,3.8,40.8,756.5,797.3
2015,2015.03,6,dollars,RE,Reunion,12.2,0,0.9,0,13.1,0,13.1
2015,2015.03,6,dollars,RO,Romania,11.2,21.4,3.5,1.7,14.8,23,37.8
2015,2015.03,6,dollars,RS,Serbia,0.1,1.2,0.2,0,0.2,1.2,1.5
2015,2015.03,6,dollars,RU,Russia,176.3,407.5,50.2,11.3,226.6,418.7,645.3
2015,2015.03,6,dollars,RW,Rwanda,0,0.1,0.5,0.3,0.5,0.4,0.9
2015,2015.03,6,dollars,SA,Saudi Arabia,718.8,684.7,111.3,9.8,830.1,694.5,1524.6
2015,2015.03,6,dollars,SB,Solomon Islands,29.1,6.2,16.5,13.1,45.6,19.2,64.8
2015,2015.03,6,dollars,SC,Seychelles,4,0.1,0.4,0.2,4.4,0.2,4.7
2015,2015.03,6,dollars,SD,Sudan,61,0.1,1,0.3,62,0.4,62.4
2015,2015.03,6,dollars,SE,Sweden,62.5,296,52.2,9.6,114.7,305.6,420.3
2015,2015.03,6,dollars,SG,Singapore,1140.4,1658.3,369.9,1252.5,1510.3,2910.7,4421.1
2015,2015.03,6,dollars,SH,St Helena,0,0,0.2,0,0.2,0,0.2
2015,2015.03,6,dollars,SI,Slovenia,6.4,12.2,2.4,0.9,8.8,13,21.8
2015,2015.03,6,dollars,SK,Slovakia,0.6,64.7,6.7,1.2,7.3,65.9,73.2
2015,2015.03,6,dollars,SL,Sierra Leone,4.1,0.2,0.2,0.2,4.3,0.4,4.6
2015,2015.03,6,dollars,SM,San Marino,0,0.1,0.1,0.1,0.1,0.1,0.2
2015,2015.03,6,dollars,SN,Senegal,31.7,1.2,0.2,0.1,31.9,1.4,33.2
2015,2015.03,6,dollars,SO,Somalia,0,0,0.2,0.1,0.2,0.1,0.2
2015,2015.03,6,dollars,SR,Suriname,0.3,0.4,0,0,0.3,0.4,0.7
2015,2015.03,6,dollars,SS,South Sudan,0,0,0.1,0.2,0.1,0.2,0.3
2015,2015.03,6,dollars,ST,Sao Tome and Principe,0,0,0,0,0,0,0
2015,2015.03,6,dollars,SV,El Salvador,9.9,26.6,0.1,0.2,9.9,26.8,36.7
2015,2015.03,6,dollars,SX,St Maarten (Dutch part),2.2,0,0,0,2.2,0,2.2
2015,2015.03,6,dollars,SY,Syria,13.3,0.1,6.6,5.8,19.9,5.9,25.8
2015,2015.03,6,dollars,SZ,Eswatini,0,0.2,0.8,0.1,0.8,0.3,1.1
2015,2015.03,6,dollars,TC,Turks and Caicos Islands,0.2,0,0.1,0.6,0.3,0.6,0.9
2015,2015.03,6,dollars,TD,Chad,2.2,0.1,0,0.1,2.2,0.2,2.4
2015,2015.03,6,dollars,TF,French Southern Territories,0,0,0,0,0,0,0
2015,2015.03,6,dollars,TG,Togo,1.2,0.3,0.1,0,1.3,0.3,1.5
2015,2015.03,6,dollars,TH,Thailand,787.1,1727.6,199.2,203.2,986.3,1930.8,2917.1
2015,2015.03,6,dollars,TJ,Tajikistan,0.1,0,0.2,0.1,0.2,0.1,0.3
2015,2015.03,6,dollars,TK,Tokelau,0,0.2,0.6,0.6,0.6,0.8,1.3
2015,2015.03,6,dollars,TL,Timor-Leste,1.7,0.4,2.1,4.2,3.8,4.6,8.4
2015,2015.03,6,dollars,TM,Turkmenistan,0.1,0,0,0,0.1,0,0.1
2015,2015.03,6,dollars,TN,Tunisia,7.9,6.1,0.1,0.1,8,6.2,14.2
2015,2015.03,6,dollars,TO,Tonga,55.9,2.8,67.9,59.8,123.8,62.6,186.4
2015,2015.03,6,dollars,TR,Turkey,123.4,150.1,8,11.5,131.4,161.6,293
2015,2015.03,6,dollars,TT,Trinidad and Tobago,53.9,0.9,0.6,0.7,54.4,1.7,56.1
2015,2015.03,6,dollars,TV,Tuvalu,8.8,0,2.9,1.2,11.7,1.3,13
2015,2015.03,6,dollars,TW,Taiwan,1019.1,716.6,149.8,40.9,1168.9,757.5,1926.3
2015,2015.03,6,dollars,TZ,Tanzania,5.5,11.2,1,1.4,6.5,12.5,19
2015,2015.03,6,dollars,UA,Ukraine,12.7,8.6,7.9,34.2,20.7,42.8,63.5
2015,2015.03,6,dollars,UG,Uganda,0.8,0.8,1,0.6,1.7,1.5,3.2
2015,2015.03,6,dollars,UM,United States Minor Outlying Islands,0,0,0.7,0.6,0.7,0.6,1.3
2015,2015.03,6,dollars,US,United States of America,5133.4,5809.6,2388.9,2154.9,7522.3,7964.5,15486.8
2015,2015.03,6,dollars,UY,Uruguay,16.4,2.6,5.2,1.3,21.6,3.9,25.5
2015,2015.03,6,dollars,UZ,Uzbekistan,5.2,0,0.7,0.2,5.9,0.3,6.2
2015,2015.03,6,dollars,VA,Vatican City State,0,0,0,0,0,0,0
2015,2015.03,6,dollars,VC,St Vincent and the Grenadines,2,0,0,0,2.1,0,2.1
2015,2015.03,6,dollars,VE,Venezuela,199.6,0.2,2,3.4,201.6,3.6,205.2
2015,2015.03,6,dollars,VG,"Virgin Islands, British",0.5,0.1,1.4,0.6,1.9,0.7,2.6
2015,2015.03,6,dollars,VI,"Virgin Islands, United States",0.2,0,0.5,0,0.7,0,0.8
2015,2015.03,6,dollars,VN,Viet Nam,551,500.3,72.4,46.2,623.4,546.5,1169.9
2015,2015.03,6,dollars,VU,Vanuatu,34.9,1.9,23.7,47.7,58.6,49.6,108.2
2015,2015.03,6,dollars,WF,Wallis and Futuna,2.1,0,0.7,0.4,2.9,0.4,3.2
2015,2015.03,6,dollars,WS,Samoa,104.3,3.7,93.2,134.7,197.5,138.4,335.9
2015,2015.03,6,dollars,YE,Yemen,84.4,0,0.2,0,84.6,0.1,84.7
2015,2015.03,6,dollars,YT,Mayotte,1.2,0,0.1,0,1.2,0,1.2
2015,2015.03,6,dollars,ZA,South Africa,211.3,152.5,65.2,43.6,276.6,196.1,472.7
2015,2015.03,6,dollars,ZM,Zambia,1.9,1.5,0.8,0.6,2.7,2.1,4.8
2015,2015.03,6,dollars,ZW,Zimbabwe,9.1,1,2.8,2,11.9,3,14.9
2016,2016.03,6,dollars,AD,Andorra,0,0,0.2,0.4,0.2,0.4,0.7
2016,2016.03,6,dollars,AE,United Arab Emirates,705.8,400,131.9,188.5,837.7,588.5,1426.2
2016,2016.03,6,dollars,AF,Afghanistan,0.4,0.1,0.8,4.5,1.2,4.6,5.8
2016,2016.03,6,dollars,AG,Antigua and Barbuda,2.5,0,0.1,0.3,2.6,0.3,2.9
2016,2016.03,6,dollars,AI,Anguilla,0.1,0.2,0,0,0.1,0.2,0.3
2016,2016.03,6,dollars,AL,Albania,0.3,0.4,0.2,0.2,0.4,0.6,1
2016,2016.03,6,dollars,AM,Armenia,14.3,0.1,0.2,0.1,14.5,0.2,14.7
2016,2016.03,6,dollars,AO,Angola,29,0,0.3,0.4,29.4,0.4,29.8
2016,2016.03,6,dollars,AQ,Antarctica,0.3,2,0.8,0.1,1.1,2.1,3.2
2016,2016.03,6,dollars,AR,Argentina,23.5,188.8,60.1,22.2,83.6,211,294.6
2016,2016.03,6,dollars,AS,"Samoa, American",26.4,1,5.1,4.7,31.5,5.7,37.2
2016,2016.03,6,dollars,AT,Austria,22.4,190.2,35,27.8,57.4,218,275.4
2016,2016.03,6,dollars,AU,Australia,8367.8,6167,4706.9,5274,13074.7,11441,24515.7
2016,2016.03,6,dollars,AW,Aruba,1,0,1.5,0.1,2.6,0.1,2.7
2016,2016.03,6,dollars,AZ,Azerbaijan,73.7,0.1,0.2,0.2,73.9,0.3,74.2
2016,2016.03,6,dollars,BA,Bosnia and Herzegovina,0.2,2.4,0,0.1,0.2,2.5,2.7
2016,2016.03,6,dollars,BB,Barbados,27.9,0.3,1.3,3.6,29.2,3.9,33
2016,2016.03,6,dollars,BD,Bangladesh,208.7,96.9,21.7,3,230.3,99.9,330.2
2016,2016.03,6,dollars,BE,Belgium,227.1,322.3,45.4,62.1,272.5,384.4,656.9
2016,2016.03,6,dollars,BF,Burkina Faso,0.9,0,0.1,0,0.9,0,0.9
2016,2016.03,6,dollars,BG,Bulgaria,10.6,36.9,2.1,1.4,12.7,38.3,51
2016,2016.03,6,dollars,BH,Bahrain,75,7.2,1.9,0.5,76.9,7.6,84.6
2016,2016.03,6,dollars,BI,Burundi,0,0,0,0,0,0,0
2016,2016.03,6,dollars,BJ,Benin,1.2,0,0,0.1,1.2,0.1,1.3
2016,2016.03,6,dollars,BM,Bermuda,8,4.1,7.2,54.3,15.1,58.4,73.6
2016,2016.03,6,dollars,BN,Brunei Darussalam,4.3,444,15.4,1.7,19.7,445.7,465.4
2016,2016.03,6,dollars,BO,Bolivia,3.3,4.8,1.3,1.7,4.6,6.4,11
2016,2016.03,6,dollars,BR,Brazil,73.2,145.6,160.1,32.4,233.2,178,411.2
2016,2016.03,6,dollars,BS,Bahamas,1.9,0,5.8,0.6,7.7,0.6,8.3
2016,2016.03,6,dollars,BT,Bhutan,0.3,0,0.5,0.4,0.8,0.4,1.2
2016,2016.03,6,dollars,BW,Botswana,0.1,0,1.2,0.7,1.3,0.7,2
2016,2016.03,6,dollars,BY,Belarus,0.5,13.6,0.8,0.2,1.3,13.8,15.1
2016,2016.03,6,dollars,BZ,Belize,0.3,0.4,1.4,0.1,1.7,0.5,2.2
2016,2016.03,6,dollars,CA,Canada,656.4,653.3,397.8,127.5,1054.3,780.9,1835.1
2016,2016.03,6,dollars,CC,Cocos (Keeling) Islands,0,0,0,0,0,0,0
2016,2016.03,6,dollars,CD,"Congo, the Democratic Republic of the",9.8,0.4,0.3,0.1,10.1,0.4,10.5
2016,2016.03,6,dollars,CF,Central African Republic,0,0,0,0,0,0,0
2016,2016.03,6,dollars,CG,Congo,5,0,0.4,0.2,5.5,0.2,5.7
2016,2016.03,6,dollars,CH,Switzerland,117.7,337.8,177.2,307.4,294.9,645.1,940.1
2016,2016.03,6,dollars,CI,Cote D'Ivoire,12.8,1.5,0.4,0.1,13.2,1.6,14.8
2016,2016.03,6,dollars,CK,Cook Islands,99.5,0.2,44.6,207,144.1,207.2,351.3
2016,2016.03,6,dollars,CL,Chile,130.6,116.7,55.8,12.7,186.3,129.4,315.7
2016,2016.03,6,dollars,CM,Cameroon,29.6,1.3,0.3,0.2,29.9,1.5,31.4
2016,2016.03,6,dollars,CN,"China, People's Republic of",8736.2,10079.1,2994.3,550.6,11730.5,10629.7,22360.2
2016,2016.03,6,dollars,CO,Colombia,18,20.3,43.4,2.4,61.4,22.7,84.2
2016,2016.03,6,dollars,CR,Costa Rica,10.8,19.9,1.7,1.9,12.4,21.8,34.2
2016,2016.03,6,dollars,CU,Cuba,68.6,1.2,1,2.6,69.6,3.8,73.4
2016,2016.03,6,dollars,CV,Cabo Verde,0,0.1,0,0,0,0.1,0.1
2016,2016.03,6,dollars,CW,Curacao,0.6,0,100.1,0,100.6,0,100.6
2016,2016.03,6,dollars,CX,Christmas Island,0,4.8,0,0,0,4.8,4.8
2016,2016.03,6,dollars,CY,Cyprus,14.6,1.8,1.4,59.7,16,61.5,77.5
2016,2016.03,6,dollars,CZ,Czechia,12.7,129,19.6,4,32.2,133.1,165.3
2016,2016.03,6,dollars,DE,Germany,706.2,2378.2,800.5,799.9,1506.7,3178.1,4684.8
2016,2016.03,6,dollars,DJ,Djibouti,3.5,0.4,0.1,0,3.6,0.5,4.1
2016,2016.03,6,dollars,DK,Denmark,167.2,196.4,196.4,708.7,363.6,905.1,1268.7
2016,2016.03,6,dollars,DM,Dominica,0.1,0.3,0.1,0,0.2,0.3,0.5
2016,2016.03,6,dollars,DO,Dominican Republic,15.8,11.7,2.9,1,18.6,12.7,31.4
2016,2016.03,6,dollars,DZ,Algeria,450.4,0.1,0.2,0.3,450.6,0.4,451
2016,2016.03,6,dollars,EC,Ecuador,6.1,52.4,4.1,1.8,10.2,54.2,64.4
2016,2016.03,6,dollars,EE,Estonia,3.2,5.5,1.8,0.8,5.1,6.3,11.4
2016,2016.03,6,dollars,EG,Egypt,467.6,3.4,3.3,5.4,470.8,8.8,479.7
2016,2016.03,6,dollars,ER,Eritrea,0,0,0.1,0.1,0.1,0.1,0.2
2016,2016.03,6,dollars,ES,Spain,256.1,417,60.5,26.8,316.6,443.7,760.3
2016,2016.03,6,dollars,ET,Ethiopia,2.7,6.5,0.4,4.6,3.1,11.2,14.2
2016,2016.03,6,dollars,FI,Finland,26,160.2,20,4.8,46,165,211
2016,2016.03,6,dollars,FJ,Fiji,438.7,57.4,165.7,326.3,604.4,383.8,988.1
2016,2016.03,6,dollars,FK,Falkland Islands,0.6,0,0.1,0.2,0.7,0.2,0.9
2016,2016.03,6,dollars,FM,"Micronesia, Federated States of",12.6,0,1.1,0.4,13.7,0.4,14.1
2016,2016.03,6,dollars,FO,Faeroe Islands,4.3,0,0.2,0.1,4.4,0.1,4.6
2016,2016.03,6,dollars,FR,France,376.2,1229.6,378.2,135.8,754.3,1365.4,2119.7
2016,2016.03,6,dollars,GA,Gabon,3,0.9,0.3,0.1,3.3,1,4.4
2016,2016.03,6,dollars,GB,United Kingdom,1646.8,1307.5,1536.5,907.1,3183.4,2214.6,5398
2016,2016.03,6,dollars,GD,Grenada,2.7,0,0.1,0.1,2.8,0.1,2.9
2016,2016.03,6,dollars,GE,Georgia,3.7,0.2,0.8,0.4,4.5,0.6,5.1
2016,2016.03,6,dollars,GF,French Guiana,0.5,0,0.2,0,0.6,0,0.7
2016,2016.03,6,dollars,GH,Ghana,31.6,19.5,1.9,0.8,33.4,20.3,53.7
2016,2016.03,6,dollars,GI,Gibraltar,1.3,0,1.5,0,2.7,0,2.8
2016,2016.03,6,dollars,GL,Greenland,0,0,0.1,0.1,0.1,0.1,0.2
2016,2016.03,6,dollars,GM,Gambia,0.5,0,1.4,0,1.9,0,1.9
2016,2016.03,6,dollars,GN,Guinea,4.2,0.1,0.8,0.7,5,0.8,5.8
2016,2016.03,6,dollars,GP,Guadeloupe,6.3,0.2,1.1,0.2,7.5,0.4,7.8
2016,2016.03,6,dollars,GQ,Equatorial Guinea,0.8,0,0,0,0.8,0,0.8
2016,2016.03,6,dollars,GR,Greece,37.7,25.4,4.6,11.4,42.3,36.8,79.1
2016,2016.03,6,dollars,GS,South Georgia and the South Sandwich Islands,0,0,0,0.1,0,0.1,0.1
2016,2016.03,6,dollars,GT,Guatemala,27.1,19.7,0.6,0.8,27.8,20.5,48.2
2016,2016.03,6,dollars,GU,Guam,7.1,0,1.7,0.5,8.8,0.5,9.4
2016,2016.03,6,dollars,GW,Guinea-Bissau,0.1,0,0,0,0.1,0,0.1
2016,2016.03,6,dollars,GY,Guyana,23.6,1.8,0.2,0.1,23.8,2,25.8
2016,2016.03,6,dollars,HK,Hong Kong (Special Administrative Region),777,106.8,370.3,328.3,1147.4,435.1,1582.4
2016,2016.03,6,dollars,HN,Honduras,5.4,4.1,0.5,0.1,5.9,4.2,10.1
2016,2016.03,6,dollars,HR,Croatia,3.9,3,2.5,5.6,6.3,8.6,14.9
2016,2016.03,6,dollars,HT,Haiti,0.5,0.9,1.9,0.1,2.3,0.9,3.3
2016,2016.03,6,dollars,HU,Hungary,1.8,73.4,5.9,2.6,7.7,76,83.7
2016,2016.03,6,dollars,ID,Indonesia,808.7,781.3,104.1,105.3,912.8,886.6,1799.5
2016,2016.03,6,dollars,IE,Ireland,61.6,201.9,56.6,143.9,118.2,345.8,464.1
2016,2016.03,6,dollars,IL,Israel,31.4,116.6,20.8,3.8,52.1,120.4,172.6
2016,2016.03,6,dollars,IN,India,642.2,586.9,1130.5,227.2,1772.7,814.1,2586.8
2016,2016.03,6,dollars,IO,British Indian Ocean Territory,0,0,0,0,0,0,0.1
2016,2016.03,6,dollars,IQ,Iraq,5.6,0,1.6,1.4,7.2,1.4,8.7
2016,2016.03,6,dollars,IR,Iran,138.1,4.1,6,15.5,144.1,19.6,163.7
2016,2016.03,6,dollars,IS,Iceland,2.9,3.2,2.5,0.7,5.4,3.9,9.3
2016,2016.03,6,dollars,IT,Italy,400.3,957.2,74.9,58.5,475.2,1015.8,1491
2016,2016.03,6,dollars,JM,Jamaica,40.8,6.4,0.9,0.9,41.7,7.3,49
2016,2016.03,6,dollars,JO,Jordan,90.3,1.9,1.2,2,91.5,4,95.4
2016,2016.03,6,dollars,JP,Japan,2963.1,3172.2,805.2,193.6,3768.2,3365.8,7134
2016,2016.03,6,dollars,KE,Kenya,10.9,4.1,5.5,1.8,16.4,5.9,22.3
2016,2016.03,6,dollars,KG,Kyrgyzstan,0,0.1,0.2,0,0.2,0.2,0.4
2016,2016.03,6,dollars,KH,Cambodia,8.7,18.9,13.6,14.3,22.3,33.3,55.6
2016,2016.03,6,dollars,KI,Kiribati,13.1,0,4.6,5.6,17.7,5.6,23.3
2016,2016.03,6,dollars,KM,Comoros,0.1,0,0.1,0.1,0.2,0.1,0.3
2016,2016.03,6,dollars,KN,St Kitts and Nevis,0.2,0,0.2,0.1,0.4,0.1,0.5
2016,2016.03,6,dollars,KR,"Korea, Republic of",1588.7,1878.6,557.2,163.8,2145.9,2042.5,4188.4
2016,2016.03,6,dollars,KW,Kuwait,76.3,118.8,5.7,1.3,82,120.1,202.2
2016,2016.03,6,dollars,KY,Cayman Islands,1.1,0.2,3.1,0.3,4.2,0.5,4.8
2016,2016.03,6,dollars,KZ,Kazakhstan,4.4,1.4,3.1,0.6,7.5,2,9.6
2016,2016.03,6,dollars,LA,Laos,1.2,4.5,3.7,2.2,4.9,6.8,11.7
2016,2016.03,6,dollars,LB,Lebanon,17.8,1.6,0.6,0.6,18.4,2.2,20.7
2016,2016.03,6,dollars,LC,St Lucia,3.8,0,0.1,0.1,3.8,0.1,3.9
2016,2016.03,6,dollars,LI,Liechtenstein,0,0.3,0.6,0.7,0.6,1,1.6
2016,2016.03,6,dollars,LK,Sri Lanka,245.7,53.7,44.2,15.1,289.9,68.8,358.7
2016,2016.03,6,dollars,LR,Liberia,1.4,0,0.2,0,1.6,0,1.6
2016,2016.03,6,dollars,LS,Lesotho,0,0.1,0.3,0.1,0.3,0.2,0.5
2016,2016.03,6,dollars,LT,Lithuania,29.9,23.1,1,0.3,30.9,23.4,54.4
2016,2016.03,6,dollars,LU,Luxembourg,2.5,7,2.9,2,5.4,8.9,14.3
2016,2016.03,6,dollars,LV,Latvia,10.2,6.2,1.6,0.8,11.9,7,18.8
2016,2016.03,6,dollars,LY,Libya,42.1,0,0.4,0,42.5,0,42.6
2016,2016.03,6,dollars,MA,Morocco,61.4,110.1,2.3,1.6,63.7,111.7,175.4
2016,2016.03,6,dollars,MC,Monaco,0,0.2,40.3,0.5,40.3,0.7,41
2016,2016.03,6,dollars,MD,Moldova,0.1,0.2,0.2,0,0.3,0.3,0.6
2016,2016.03,6,dollars,ME,Montenegro,0.1,0,0,0,0.1,0,0.2
2016,2016.03,6,dollars,MG,Madagascar,2.8,1.4,0.2,0.2,3,1.6,4.6
2016,2016.03,6,dollars,MH,Marshall Islands,4.5,0.1,4.3,0.3,8.8,0.4,9.2
2016,2016.03,6,dollars,MK,North Macedonia,0,0.4,1.1,0.9,1.1,1.3,2.5
2016,2016.03,6,dollars,ML,Mali,10.2,0,0.4,0.4,10.5,0.4,10.9
2016,2016.03,6,dollars,MM,Myanmar,33.4,3.3,5.6,2.9,39.1,6.2,45.3
2016,2016.03,6,dollars,MN,Mongolia,9.9,1.4,1.6,0.5,11.4,1.9,13.3
2016,2016.03,6,dollars,MO,Macau (Special Administrative Region),6.8,1.5,7.1,1,13.9,2.4,16.3
2016,2016.03,6,dollars,MP,Northern Mariana Islands,4.2,0,0.2,0.1,4.4,0.1,4.5
2016,2016.03,6,dollars,MQ,Martinique,5.1,0,0.1,0,5.2,0,5.2
2016,2016.03,6,dollars,MR,Mauritania,0,0,0.1,0,0.1,0,0.1
2016,2016.03,6,dollars,MS,Montserrat,0,0,0,0,0,0,0
2016,2016.03,6,dollars,MT,Malta,5.9,5.6,1.6,1.6,7.5,7.2,14.6
2016,2016.03,6,dollars,MU,Mauritius,70.1,3.3,2.9,1.6,72.9,5,77.9
2016,2016.03,6,dollars,MV,Maldives,23.7,0,1.9,2.1,25.6,2.1,27.7
2016,2016.03,6,dollars,MW,Malawi,0.1,1.4,0.2,0.5,0.4,2,2.4
2016,2016.03,6,dollars,MX,Mexico,402.4,266.6,32,21.8,434.4,288.3,722.8
2016,2016.03,6,dollars,MY,Malaysia,891.4,1627.8,213.8,154.9,1105.2,1782.7,2887.9
2016,2016.03,6,dollars,MZ,Mozambique,5,0.1,0.2,0.2,5.2,0.3,5.5
2016,2016.03,6,dollars,NA,Namibia,0.5,0.2,0.7,0.7,1.2,0.8,2.1
2016,2016.03,6,dollars,NC,New Caledonia,152.7,2,69.1,31.2,221.8,33.2,255
2016,2016.03,6,dollars,NE,Niger,0.5,0.2,0.8,0,1.3,0.2,1.5
2016,2016.03,6,dollars,NF,Norfolk Island,14.2,0,2.6,10.7,16.8,10.7,27.5
2016,2016.03,6,dollars,NG,Nigeria,234.6,0.1,2.6,0.9,237.2,0.9,238.1
2016,2016.03,6,dollars,NI,Nicaragua,33,2.2,2,0.4,35,2.6,37.6
2016,2016.03,6,dollars,NL,Netherlands,842.5,548.5,134.7,190.2,977.2,738.7,1716
2016,2016.03,6,dollars,NO,Norway,43.7,70.6,38.3,5.5,81.9,76,158
2016,2016.03,6,dollars,NP,Nepal,10.6,1,37,5.5,47.6,6.5,54.1
2016,2016.03,6,dollars,NR,Nauru,1.2,0,0.9,2.1,2.1,2.1,4.2
2016,2016.03,6,dollars,NZ,New Zealand,0,233.8,0,0,0,233.8,233.8
2016,2016.03,6,dollars,OM,Oman,88.9,24.5,9.9,1.5,98.8,26.1,124.9
2016,2016.03,6,dollars,PA,Panama,52.1,0.4,2.1,1.2,54.2,1.6,55.8
2016,2016.03,6,dollars,PE,Peru,122.8,60.3,5.9,6,128.7,66.3,194.9
2016,2016.03,6,dollars,PF,French Polynesia,190.4,2.9,67.5,23,257.9,26,283.8
2016,2016.03,6,dollars,PG,Papua New Guinea,205.5,10.5,66.1,23.7,271.6,34.2,305.8
2016,2016.03,6,dollars,PH,Philippines,627.8,121.6,205.5,101.5,833.3,223.1,1056.4
2016,2016.03,6,dollars,PK,Pakistan,83.5,69.1,8.3,5.3,91.8,74.5,166.2
2016,2016.03,6,dollars,PL,Poland,44.2,116.9,17,7.2,61.2,124.1,185.4
2016,2016.03,6,dollars,PM,St Pierre and Miquelon,0,0,0,0,0,0,0
2016,2016.03,6,dollars,PN,Pitcairn,0.6,0,0.1,0,0.7,0,0.7
2016,2016.03,6,dollars,PR,Puerto Rico,1,13.4,0.2,0.1,1.2,13.4,14.7
2016,2016.03,6,dollars,PT,Portugal,33.8,35.5,7.8,5.2,41.7,40.7,82.4
2016,2016.03,6,dollars,PW,Palau,0.5,0,0.5,0.3,1,0.3,1.3
2016,2016.03,6,dollars,PY,Paraguay,1.8,0.4,1.3,0.1,3.1,0.4,3.5
2016,2016.03,6,dollars,QA,Qatar,37.2,443.7,6.6,2.3,43.8,446,489.8
2016,2016.03,6,dollars,RE,Reunion,14.1,0,1.4,0.1,15.5,0.1,15.6
2016,2016.03,6,dollars,RO,Romania,8,14.3,4.2,2.1,12.2,16.4,28.6
2016,2016.03,6,dollars,RS,Serbia,0.4,2.6,0.2,0,0.6,2.6,3.2
2016,2016.03,6,dollars,RU,Russia,135.9,385.3,51.1,12.4,187,397.7,584.7
2016,2016.03,6,dollars,RW,Rwanda,0.3,0.1,0.6,0.4,0.9,0.5,1.4
2016,2016.03,6,dollars,SA,Saudi Arabia,612.6,544.7,101.2,10.7,713.8,555.4,1269.2
2016,2016.03,6,dollars,SB,Solomon Islands,31.4,4.7,15.1,11.4,46.5,16.1,62.6
2016,2016.03,6,dollars,SC,Seychelles,4,0.2,1.3,0.3,5.3,0.5,5.8
2016,2016.03,6,dollars,SD,Sudan,51.5,0.1,0.2,0.2,51.7,0.3,52
2016,2016.03,6,dollars,SE,Sweden,67.7,285.4,60,9.7,127.8,295,422.8
2016,2016.03,6,dollars,SG,Singapore,1155.1,1700.8,418.4,1306.1,1573.5,3006.9,4580.4
2016,2016.03,6,dollars,SH,St Helena,0,0.1,0.1,0,0.1,0.1,0.1
2016,2016.03,6,dollars,SI,Slovenia,2.8,15.1,2.7,0.7,5.6,15.8,21.4
2016,2016.03,6,dollars,SK,Slovakia,0.9,80,4.2,0.6,5.1,80.5,85.6
2016,2016.03,6,dollars,SL,Sierra Leone,3.3,0.4,0.9,0.6,4.2,1,5.2
2016,2016.03,6,dollars,SM,San Marino,0,0,0,0.2,0,0.2,0.2
2016,2016.03,6,dollars,SN,Senegal,21.3,1.7,0.4,0.1,21.7,1.8,23.5
2016,2016.03,6,dollars,SO,Somalia,0.5,0,0.3,0.3,0.8,0.3,1
2016,2016.03,6,dollars,SR,Suriname,0.1,0.2,0.1,0.1,0.2,0.3,0.5
2016,2016.03,6,dollars,SS,South Sudan,0,0,0.1,0,0.1,0.1,0.2
2016,2016.03,6,dollars,ST,Sao Tome and Principe,0,0,0,0.1,0,0.1,0.1
2016,2016.03,6,dollars,SV,El Salvador,19.4,15.2,0.4,0,19.8,15.2,35
2016,2016.03,6,dollars,SX,St Maarten (Dutch part),1.2,0.1,0.1,0,1.3,0.1,1.4
2016,2016.03,6,dollars,SY,Syria,11.8,0,1.2,0.3,13,0.3,13.3
2016,2016.03,6,dollars,SZ,Eswatini,0,0.5,1,0.2,1,0.7,1.7
2016,2016.03,6,dollars,TC,Turks and Caicos Islands,0.3,0,0.1,2.1,0.3,2.1,2.5
2016,2016.03,6,dollars,TD,Chad,1.3,0,0.1,0,1.3,0,1.3
2016,2016.03,6,dollars,TF,French Southern Territories,0,0,0,0,0,0,0
2016,2016.03,6,dollars,TG,Togo,2.3,0,0.1,0,2.4,0,2.4
2016,2016.03,6,dollars,TH,Thailand,773.3,2128.1,203.9,202.6,977.3,2330.7,3308
2016,2016.03,6,dollars,TJ,Tajikistan,0,0,0.1,0,0.1,0,0.1
2016,2016.03,6,dollars,TK,Tokelau,0,0.1,0.6,2.1,0.6,2.2,2.8
2016,2016.03,6,dollars,TL,Timor-Leste,2.8,0.6,2.6,3.8,5.4,4.4,9.8
2016,2016.03,6,dollars,TM,Turkmenistan,0,0,0,0,0,0,0
2016,2016.03,6,dollars,TN,Tunisia,4.3,5.4,0.3,0.1,4.6,5.5,10.1
2016,2016.03,6,dollars,TO,Tonga,66,2.1,79.9,71.4,145.9,73.5,219.4
2016,2016.03,6,dollars,TR,Turkey,125.1,171.1,8.1,15,133.1,186.1,319.2
2016,2016.03,6,dollars,TT,Trinidad and Tobago,52,1.2,1,0.8,53,2,55
2016,2016.03,6,dollars,TV,Tuvalu,3.9,0,3.9,1.1,7.9,1.1,9
2016,2016.03,6,dollars,TW,Taiwan,1091,733.9,163.5,47.6,1254.5,781.5,2036.1
2016,2016.03,6,dollars,TZ,Tanzania,4.6,4.4,1.3,1.1,5.8,5.5,11.3
2016,2016.03,6,dollars,UA,Ukraine,8.4,12.4,8.9,1.9,17.3,14.2,31.5
2016,2016.03,6,dollars,UG,Uganda,1.1,0.3,0.7,0.5,1.8,0.9,2.7
2016,2016.03,6,dollars,UM,United States Minor Outlying Islands,0,0,0,0.3,0,0.3,0.3
2016,2016.03,6,dollars,US,United States of America,5602.9,5870.9,2981.8,2155,8584.7,8026,16610.6
2016,2016.03,6,dollars,UY,Uruguay,21.9,5.8,7.1,1.3,29,7.1,36.1
2016,2016.03,6,dollars,UZ,Uzbekistan,3.9,0.1,0.9,0.2,4.9,0.3,5.1
2016,2016.03,6,dollars,VA,Vatican City State,0,0,0,0,0,0,0
2016,2016.03,6,dollars,VC,St Vincent and the Grenadines,1.7,0,0.1,0.1,1.7,0.1,1.8
2016,2016.03,6,dollars,VE,Venezuela,254.6,0.2,2.1,2.8,256.7,3,259.7
2016,2016.03,6,dollars,VG,"Virgin Islands, British",0.2,0,0.6,0.4,0.7,0.5,1.2
2016,2016.03,6,dollars,VI,"Virgin Islands, United States",0.6,0,0.2,0,0.7,0,0.8
2016,2016.03,6,dollars,VN,Viet Nam,512.3,613,78,51.2,590.3,664.2,1254.5
2016,2016.03,6,dollars,VU,Vanuatu,59.6,0.7,29.9,46.1,89.6,46.7,136.3
2016,2016.03,6,dollars,WF,Wallis and Futuna,1.4,0,0.5,0.3,2,0.3,2.3
2016,2016.03,6,dollars,WS,Samoa,113.2,4.6,109.5,152.3,222.6,156.9,379.5
2016,2016.03,6,dollars,YE,Yemen,16.1,0.1,0.2,0,16.4,0.2,16.6
2016,2016.03,6,dollars,YT,Mayotte,1.2,0,0,0,1.2,0,1.2
2016,2016.03,6,dollars,ZA,South Africa,188.6,153.3,76.3,45.5,264.9,198.8,463.7
2016,2016.03,6,dollars,ZM,Zambia,1.6,0.4,1,0.7,2.7,1.2,3.9
2016,2016.03,6,dollars,ZW,Zimbabwe,5.4,2.9,2.2,1.5,7.6,4.3,11.9
2017,2017.03,6,dollars,AD,Andorra,0,0,0.4,0.3,0.4,0.3,0.8
2017,2017.03,6,dollars,AE,United Arab Emirates,684.5,1584.5,139.9,193.8,824.3,1778.2,2602.6
2017,2017.03,6,dollars,AF,Afghanistan,0.8,0.1,1.6,4.6,2.4,4.7,7.1
2017,2017.03,6,dollars,AG,Antigua and Barbuda,1.1,0.1,0.4,0.2,1.5,0.3,1.8
2017,2017.03,6,dollars,AI,Anguilla,0.1,0.2,0,0,0.1,0.2,0.2
2017,2017.03,6,dollars,AL,Albania,0.5,0.6,0.8,0.1,1.3,0.7,2
2017,2017.03,6,dollars,AM,Armenia,15.8,0.1,0.2,0.2,15.9,0.3,16.2
2017,2017.03,6,dollars,AO,Angola,18.7,0,0.8,0.3,19.5,0.3,19.7
2017,2017.03,6,dollars,AQ,Antarctica,0.3,1.4,0.9,1.2,1.2,2.6,3.8
2017,2017.03,6,dollars,AR,Argentina,21.7,173.7,109.8,39.3,131.4,213,344.4
2017,2017.03,6,dollars,AS,"Samoa, American",27.3,0.6,8.2,6,35.4,6.6,42.1
2017,2017.03,6,dollars,AT,Austria,25.8,191.7,40.8,31.7,66.6,223.4,290
2017,2017.03,6,dollars,AU,Australia,8326.8,6186.7,4710.3,5106.1,13037.1,11292.8,24329.9
2017,2017.03,6,dollars,AW,Aruba,0.9,0.2,0.1,0.2,1,0.3,1.4
2017,2017.03,6,dollars,AZ,Azerbaijan,56.7,0.9,0.3,0.5,57,1.4,58.4
2017,2017.03,6,dollars,BA,Bosnia and Herzegovina,0.3,2.6,0.1,0.4,0.3,3,3.4
2017,2017.03,6,dollars,BB,Barbados,23.8,1.1,1.4,3.8,25.2,4.9,30.1
2017,2017.03,6,dollars,BD,Bangladesh,261.1,104.6,21.4,3.9,282.5,108.5,390.9
2017,2017.03,6,dollars,BE,Belgium,201.8,335,54.9,62.7,256.7,397.7,654.4
2017,2017.03,6,dollars,BF,Burkina Faso,2.3,0,0.2,0.1,2.4,0.1,2.5
2017,2017.03,6,dollars,BG,Bulgaria,10.5,15.9,2.9,0.7,13.4,16.6,30
2017,2017.03,6,dollars,BH,Bahrain,53.3,7.7,6.9,6.1,60.2,13.8,74
2017,2017.03,6,dollars,BI,Burundi,0,0.1,0,0,0,0.1,0.1
2017,2017.03,6,dollars,BJ,Benin,3.9,0,0.1,0,4,0,4
2017,2017.03,6,dollars,BM,Bermuda,12,1,6.4,46.5,18.4,47.5,65.9
2017,2017.03,6,dollars,BN,Brunei Darussalam,5.6,140.4,14,1.1,19.6,141.5,161.1
2017,2017.03,6,dollars,BO,Bolivia,2,7.2,1.9,0.6,3.9,7.8,11.7
2017,2017.03,6,dollars,BR,Brazil,73.4,176.8,175.9,30.5,249.3,207.4,456.7
2017,2017.03,6,dollars,BS,Bahamas,1.9,0,4.6,1.4,6.5,1.5,8
2017,2017.03,6,dollars,BT,Bhutan,0.9,0,0.6,0.1,1.6,0.1,1.7
2017,2017.03,6,dollars,BW,Botswana,0.1,0,1,1.3,1.1,1.3,2.4
2017,2017.03,6,dollars,BY,Belarus,0.7,1.1,1.3,0.2,2,1.3,3.3
2017,2017.03,6,dollars,BZ,Belize,0.4,0.6,1.8,0.2,2.2,0.7,2.9
2017,2017.03,6,dollars,CA,Canada,613,624.1,389.7,149.6,1002.7,773.7,1776.4
2017,2017.03,6,dollars,CC,Cocos (Keeling) Islands,0,0,0,0,0,0,0
2017,2017.03,6,dollars,CD,"Congo, the Democratic Republic of the",12.2,0.2,0.4,0.3,12.6,0.5,13.1
2017,2017.03,6,dollars,CF,Central African Republic,0,0,0,0,0,0,0
2017,2017.03,6,dollars,CG,Congo,5.5,0,0.1,0.1,5.6,0.1,5.7
2017,2017.03,6,dollars,CH,Switzerland,87.8,361.8,205.9,425.9,293.7,787.7,1081.4
2017,2017.03,6,dollars,CI,Cote D'Ivoire,19.6,0,0.2,0.1,19.8,0.1,19.9
2017,2017.03,6,dollars,CK,Cook Islands,100.9,0.4,47.6,243,148.5,243.4,391.9
2017,2017.03,6,dollars,CL,Chile,159.3,104.9,64.6,11.5,223.9,116.3,340.2
2017,2017.03,6,dollars,CM,Cameroon,15.7,1.2,0.4,0,16.1,1.2,17.3
2017,2017.03,6,dollars,CN,"China, People's Republic of",9929.7,9961.1,2833.1,662.3,12762.8,10623.4,23386.3
2017,2017.03,6,dollars,CO,Colombia,11.9,21.7,45.1,2.9,57,24.6,81.6
2017,2017.03,6,dollars,CR,Costa Rica,9.5,24.1,3,3.9,12.5,28,40.4
2017,2017.03,6,dollars,CU,Cuba,36.2,1.5,1.4,3.2,37.6,4.7,42.3
2017,2017.03,6,dollars,CV,Cabo Verde,0,0,0,0,0,0,0
2017,2017.03,6,dollars,CW,Curacao,0.7,0,104.3,0,105,0.1,105.1
2017,2017.03,6,dollars,CX,Christmas Island,0.1,2.3,0.1,0,0.1,2.3,2.4
2017,2017.03,6,dollars,CY,Cyprus,16,1.8,1.4,55.4,17.4,57.2,74.6
2017,2017.03,6,dollars,CZ,Czechia,11.2,143.7,23.6,4.7,34.8,148.4,183.2
2017,2017.03,6,dollars,DE,Germany,669.8,2445.6,771.9,696.7,1441.7,3142.3,4584
2017,2017.03,6,dollars,DJ,Djibouti,4.1,0.9,0.1,0,4.2,0.9,5.1
2017,2017.03,6,dollars,DK,Denmark,139.6,190.3,229.5,575.1,369.1,765.4,1134.5
2017,2017.03,6,dollars,DM,Dominica,0,0.1,0.1,0,0.1,0.1,0.2
2017,2017.03,6,dollars,DO,Dominican Republic,14,17.2,2,1.1,16,18.3,34.3
2017,2017.03,6,dollars,DZ,Algeria,777.3,0.2,0.2,0.2,777.6,0.4,777.9
2017,2017.03,6,dollars,EC,Ecuador,7.6,61,6,1.9,13.6,62.9,76.4
2017,2017.03,6,dollars,EE,Estonia,3.7,8.4,2.4,0.4,6.1,8.8,14.9
2017,2017.03,6,dollars,EG,Egypt,368.5,9.3,3.3,5.6,371.8,14.9,386.6
2017,2017.03,6,dollars,ER,Eritrea,0,0,0,0,0.1,0,0.1
2017,2017.03,6,dollars,ES,Spain,230.1,372.7,78.1,28.2,308.2,400.9,709
2017,2017.03,6,dollars,ET,Ethiopia,3.2,5.7,0.7,3.8,3.9,9.4,13.3
2017,2017.03,6,dollars,FI,Finland,16,150.2,21.2,4.2,37.2,154.4,191.6
2017,2017.03,6,dollars,FJ,Fiji,476.4,59.5,169.5,333.5,645.9,393.1,1039
2017,2017.03,6,dollars,FK,Falkland Islands,0.1,0.1,0.3,0.1,0.4,0.2,0.6
2017,2017.03,6,dollars,FM,"Micronesia, Federated States of",5.1,0,0.8,0.1,5.9,0.1,6
2017,2017.03,6,dollars,FO,Faeroe Islands,4.6,0,0.2,0,4.8,0.1,4.8
2017,2017.03,6,dollars,FR,France,347.1,1052.4,466.9,113.4,814,1165.8,1979.8
2017,2017.03,6,dollars,GA,Gabon,1.8,0.4,0.1,0,1.8,0.4,2.2
2017,2017.03,6,dollars,GB,United Kingdom,1404.5,1413.1,1375.4,854,2779.8,2267.2,5047
2017,2017.03,6,dollars,GD,Grenada,2.2,0,0.2,0.1,2.4,0.1,2.5
2017,2017.03,6,dollars,GE,Georgia,3.3,0.4,0.3,0.4,3.7,0.7,4.4
2017,2017.03,6,dollars,GF,French Guiana,0.4,0,0.3,0,0.7,0,0.7
2017,2017.03,6,dollars,GH,Ghana,32.5,6.4,1.8,0.8,34.3,7.1,41.5
2017,2017.03,6,dollars,GI,Gibraltar,1.1,0,1.7,5.6,2.8,5.6,8.3
2017,2017.03,6,dollars,GL,Greenland,0,0,0,0,0,0,0
2017,2017.03,6,dollars,GM,Gambia,0.7,0,0.5,0,1.2,0.1,1.3
2017,2017.03,6,dollars,GN,Guinea,2.6,1.4,0.1,0.3,2.7,1.7,4.4
2017,2017.03,6,dollars,GP,Guadeloupe,5.7,0.1,0.4,0.1,6.1,0.1,6.3
2017,2017.03,6,dollars,GQ,Equatorial Guinea,0.3,0,0,0,0.3,0,0.3
2017,2017.03,6,dollars,GR,Greece,45.9,27.4,4.9,9.9,50.8,37.3,88.1
2017,2017.03,6,dollars,GS,South Georgia and the South Sandwich Islands,0,0,0.3,0,0.3,0,0.3
2017,2017.03,6,dollars,GT,Guatemala,26.3,5.7,0.6,0.8,27,6.6,33.5
2017,2017.03,6,dollars,GU,Guam,7.9,0,1.4,0.8,9.3,0.9,10.2
2017,2017.03,6,dollars,GW,Guinea-Bissau,0.1,0,0,0,0.1,0,0.1
2017,2017.03,6,dollars,GY,Guyana,20,2.7,0.2,0,20.2,2.7,22.9
2017,2017.03,6,dollars,HK,Hong Kong (Special Administrative Region),796.5,87.8,392.1,277.8,1188.6,365.6,1554.2
2017,2017.03,6,dollars,HN,Honduras,0.5,3.5,0.2,0.1,0.7,3.6,4.3
2017,2017.03,6,dollars,HR,Croatia,4.1,4.1,3,6.6,7.2,10.8,17.9
2017,2017.03,6,dollars,HT,Haiti,0.1,0.7,3,0.2,3.1,1,4
2017,2017.03,6,dollars,HU,Hungary,3.1,62.4,7.2,2.4,10.3,64.8,75.1
2017,2017.03,6,dollars,ID,Indonesia,861,674.2,123.1,126.8,984.1,801,1785.1
2017,2017.03,6,dollars,IE,Ireland,52.8,258.7,51.3,141.6,104.1,400.3,504.4
2017,2017.03,6,dollars,IL,Israel,22.2,114.2,23.3,5.5,45.5,119.8,165.3
2017,2017.03,6,dollars,IN,India,642.8,566,1119.6,261.5,1762.4,827.5,2589.9
2017,2017.03,6,dollars,IO,British Indian Ocean Territory,0,0,0.1,0,0.1,0,0.1
2017,2017.03,6,dollars,IQ,Iraq,5.1,0,2.6,1.4,7.7,1.4,9.1
2017,2017.03,6,dollars,IR,Iran,94.8,5.3,6.5,8.6,101.3,14,115.3
2017,2017.03,6,dollars,IS,Iceland,11.7,6.2,1.9,1.3,13.6,7.5,21.1
2017,2017.03,6,dollars,IT,Italy,367.2,1021.6,71.9,58.1,439.1,1079.7,1518.8
2017,2017.03,6,dollars,JM,Jamaica,29.2,7.8,0.7,0.3,29.9,8.1,38.1
2017,2017.03,6,dollars,JO,Jordan,76.4,2.4,2.1,2.2,78.4,4.6,83
2017,2017.03,6,dollars,JP,Japan,2966.7,3563.2,898.5,206.6,3865.2,3769.8,7635.1
2017,2017.03,6,dollars,KE,Kenya,8.5,3.3,7.3,2.6,15.9,5.9,21.8
2017,2017.03,6,dollars,KG,Kyrgyzstan,0,0.1,0.2,0.2,0.2,0.3,0.5
2017,2017.03,6,dollars,KH,Cambodia,8.2,25.7,18.6,14.5,26.8,40.2,66.9
2017,2017.03,6,dollars,KI,Kiribati,12.6,0,8.1,6.5,20.7,6.5,27.1
2017,2017.03,6,dollars,KM,Comoros,0.1,0,0,0,0.1,0,0.2
2017,2017.03,6,dollars,KN,St Kitts and Nevis,0.1,0,0.1,0,0.2,0,0.2
2017,2017.03,6,dollars,KR,"Korea, Republic of",1427.5,2059.6,512.8,143.9,1940.2,2203.5,4143.8
2017,2017.03,6,dollars,KW,Kuwait,75.2,0.1,5.4,1.3,80.6,1.4,82
2017,2017.03,6,dollars,KY,Cayman Islands,1.3,0.1,6.1,0.3,7.4,0.4,7.8
2017,2017.03,6,dollars,KZ,Kazakhstan,2,1.2,3.6,0.6,5.6,1.8,7.4
2017,2017.03,6,dollars,LA,Laos,0.9,9.1,5,2.2,5.9,11.3,17.2
2017,2017.03,6,dollars,LB,Lebanon,14.8,1.3,0.7,0.6,15.5,1.8,17.4
2017,2017.03,6,dollars,LC,St Lucia,3.8,0,0,0,3.8,0.1,3.8
2017,2017.03,6,dollars,LI,Liechtenstein,0,0.5,0.8,0.8,0.8,1.3,2.1
2017,2017.03,6,dollars,LK,Sri Lanka,277.4,53.2,60.4,18,337.9,71.2,409.1
2017,2017.03,6,dollars,LR,Liberia,1.9,9.9,1.2,0.1,3,10,13
2017,2017.03,6,dollars,LS,Lesotho,0,0.5,0.2,0.1,0.2,0.6,0.8
2017,2017.03,6,dollars,LT,Lithuania,20,35.3,3.7,2,23.7,37.3,61
2017,2017.03,6,dollars,LU,Luxembourg,1.9,6.9,4.4,4,6.3,10.9,17.3
2017,2017.03,6,dollars,LV,Latvia,9,7.7,1.6,0.5,10.6,8.2,18.9
2017,2017.03,6,dollars,LY,Libya,73.6,0,0.2,0,73.8,0,73.8
2017,2017.03,6,dollars,MA,Morocco,72.5,69.2,1.6,1.6,74.1,70.7,144.8
2017,2017.03,6,dollars,MC,Monaco,0,0.2,20.5,0.9,20.5,1,21.5
2017,2017.03,6,dollars,MD,Moldova,0.3,0.2,0.4,0.3,0.6,0.5,1.1
2017,2017.03,6,dollars,ME,Montenegro,0.3,0,0,0,0.3,0,0.3
2017,2017.03,6,dollars,MG,Madagascar,2.8,1.5,0.1,0.5,2.8,1.9,4.8
2017,2017.03,6,dollars,MH,Marshall Islands,5.7,0,6,0.2,11.7,0.2,11.9
2017,2017.03,6,dollars,MK,North Macedonia,0,0.5,0.5,0.9,0.5,1.4,1.9
2017,2017.03,6,dollars,ML,Mali,8.6,0,0,0.3,8.6,0.3,8.9
2017,2017.03,6,dollars,MM,Myanmar,37.5,4.1,9.3,5.4,46.8,9.5,56.2
2017,2017.03,6,dollars,MN,Mongolia,12.7,0.5,1.8,1,14.5,1.5,16
2017,2017.03,6,dollars,MO,Macau (Special Administrative Region),13.4,0.5,9.7,1.1,23.1,1.6,24.7
2017,2017.03,6,dollars,MP,Northern Mariana Islands,4.5,0,0.6,0,5.1,0.1,5.1
2017,2017.03,6,dollars,MQ,Martinique,3.4,0,0,0,3.4,0,3.4
2017,2017.03,6,dollars,MR,Mauritania,2.2,0.1,0,0.1,2.2,0.1,2.3
2017,2017.03,6,dollars,MS,Montserrat,0,0,0,0,0,0,0
2017,2017.03,6,dollars,MT,Malta,4.9,2.9,4.2,0.9,9.1,3.8,12.9
2017,2017.03,6,dollars,MU,Mauritius,70,2.5,3.6,1.8,73.7,4.4,78
2017,2017.03,6,dollars,MV,Maldives,16.1,0,1.6,1.3,17.7,1.3,19
2017,2017.03,6,dollars,MW,Malawi,0.2,0.2,0.4,0.5,0.7,0.7,1.3
2017,2017.03,6,dollars,MX,Mexico,447.8,273.3,37.7,18.8,485.6,292.1,777.7
2017,2017.03,6,dollars,MY,Malaysia,851.3,1289.1,295.1,139.5,1146.3,1428.6,2574.9
2017,2017.03,6,dollars,MZ,Mozambique,6.4,0.9,0.5,0,6.9,0.9,7.8
2017,2017.03,6,dollars,NA,Namibia,0.3,0.7,0.8,1.2,1.1,2,3.1
2017,2017.03,6,dollars,NC,New Caledonia,151.6,2.8,70.1,39.5,221.7,42.4,264
2017,2017.03,6,dollars,NE,Niger,0.1,0.2,1.6,0.1,1.7,0.2,1.9
2017,2017.03,6,dollars,NF,Norfolk Island,12.9,0.1,2.1,8.6,15,8.7,23.7
2017,2017.03,6,dollars,NG,Nigeria,189,0,1.9,0.9,190.9,0.9,191.9
2017,2017.03,6,dollars,NI,Nicaragua,29.8,2.3,1.9,0,31.7,2.3,34.1
2017,2017.03,6,dollars,NL,Netherlands,803,523.9,169.2,194.3,972.2,718.2,1690.4
2017,2017.03,6,dollars,NO,Norway,45.3,76.1,46.5,6.9,91.8,83,174.8
2017,2017.03,6,dollars,NP,Nepal,11.6,1.3,34.6,6.8,46.2,8.1,54.3
2017,2017.03,6,dollars,NR,Nauru,1.3,4.3,0.9,1.7,2.2,6,8.2
2017,2017.03,6,dollars,NZ,New Zealand,0,189.8,0,0,0,189.8,189.8
2017,2017.03,6,dollars,OM,Oman,77.3,25.8,10.3,1.7,87.6,27.5,115
2017,2017.03,6,dollars,PA,Panama,39.9,1.5,1.9,0.5,41.8,2,43.8
2017,2017.03,6,dollars,PE,Peru,49.9,39.9,5,6.9,54.9,46.7,101.6
2017,2017.03,6,dollars,PF,French Polynesia,192.7,2.3,86.7,24,279.4,26.3,305.7
2017,2017.03,6,dollars,PG,Papua New Guinea,190.1,9.3,49.4,17.8,239.6,27.1,266.6
2017,2017.03,6,dollars,PH,Philippines,647.2,107,232.1,117.7,879.3,224.7,1104
2017,2017.03,6,dollars,PK,Pakistan,86.1,69.2,9.1,5.8,95.1,75.1,170.2
2017,2017.03,6,dollars,PL,Poland,58.2,133.6,26.3,8.2,84.4,141.8,226.3
2017,2017.03,6,dollars,PM,St Pierre and Miquelon,0,0,0,0.1,0,0.1,0.1
2017,2017.03,6,dollars,PN,Pitcairn,0.7,0,0.1,0.4,0.8,0.4,1.2
2017,2017.03,6,dollars,PR,Puerto Rico,2.4,17.6,1.3,0.1,3.7,17.7,21.4
2017,2017.03,6,dollars,PT,Portugal,34.7,38.6,7.8,3.9,42.5,42.5,85
2017,2017.03,6,dollars,PW,Palau,0.9,0,0.4,0.1,1.4,0.1,1.5
2017,2017.03,6,dollars,PY,Paraguay,1,0.5,1.6,0.1,2.6,0.6,3.2
2017,2017.03,6,dollars,QA,Qatar,29.8,155.6,7,0.9,36.8,156.5,193.3
2017,2017.03,6,dollars,RE,Reunion,9.5,0,1.2,0.1,10.7,0.1,10.8
2017,2017.03,6,dollars,RO,Romania,4.4,18.9,5.4,2.2,9.8,21.1,30.9
2017,2017.03,6,dollars,RS,Serbia,1.2,3.3,0.3,0,1.5,3.3,4.8
2017,2017.03,6,dollars,RU,Russia,257.8,137.7,51.1,11.9,308.9,149.5,458.4
2017,2017.03,6,dollars,RW,Rwanda,0.6,0.5,0.6,0.4,1.2,0.8,2
2017,2017.03,6,dollars,SA,Saudi Arabia,476,535.9,95.3,8,571.4,544,1115.3
2017,2017.03,6,dollars,SB,Solomon Islands,29.3,6.5,16.6,10.4,45.9,16.9,62.8
2017,2017.03,6,dollars,SC,Seychelles,7.6,0.4,1,1.3,8.6,1.7,10.2
2017,2017.03,6,dollars,SD,Sudan,53.5,0,0.4,0,53.9,0,54
2017,2017.03,6,dollars,SE,Sweden,62.3,301.1,68,12,130.3,313,443.4
2017,2017.03,6,dollars,SG,Singapore,874.1,1539.9,401.5,1328.7,1275.5,2868.6,4144.1
2017,2017.03,6,dollars,SH,St Helena,0,0,0,0,0,0,0
2017,2017.03,6,dollars,SI,Slovenia,4.1,16.7,3.1,8.3,7.2,25,32.1
2017,2017.03,6,dollars,SK,Slovakia,0.6,69.7,6.2,1.3,6.8,71,77.8
2017,2017.03,6,dollars,SL,Sierra Leone,4,0.8,0.9,0.6,4.9,1.4,6.3
2017,2017.03,6,dollars,SM,San Marino,0,0.1,0.1,0.1,0.1,0.2,0.3
2017,2017.03,6,dollars,SN,Senegal,17.4,0.7,0.3,0,17.7,0.8,18.5
2017,2017.03,6,dollars,SO,Somalia,4.7,0,0.1,0.2,4.8,0.2,5
2017,2017.03,6,dollars,SR,Suriname,0,1.1,0,0,0,1.1,1.1
2017,2017.03,6,dollars,SS,South Sudan,0,0,0.2,0.1,0.2,0.1,0.3
2017,2017.03,6,dollars,ST,Sao Tome and Principe,0,0,0,0,0,0,0
2017,2017.03,6,dollars,SV,El Salvador,7.2,1.8,0.3,0,7.5,1.8,9.3
2017,2017.03,6,dollars,SX,St Maarten (Dutch part),1.1,0.3,0,0.1,1.1,0.4,1.5
2017,2017.03,6,dollars,SY,Syria,14.1,0,0.2,0,14.4,0,14.4
2017,2017.03,6,dollars,SZ,Eswatini,0,0.4,0.4,0.2,0.4,0.6,1
2017,2017.03,6,dollars,TC,Turks and Caicos Islands,0.3,0,0,0.9,0.3,0.9,1.2
2017,2017.03,6,dollars,TD,Chad,0.4,0,0,0,0.4,0,0.4
2017,2017.03,6,dollars,TF,French Southern Territories,0,0,0,0,0,0,0
2017,2017.03,6,dollars,TG,Togo,0.8,0.1,0.2,0,0.9,0.1,1
2017,2017.03,6,dollars,TH,Thailand,887.1,2309.8,226.5,172.6,1113.6,2482.4,3596
2017,2017.03,6,dollars,TJ,Tajikistan,0.1,0,0.1,0.1,0.2,0.1,0.3
2017,2017.03,6,dollars,TK,Tokelau,0,0.1,1.1,1.9,1.1,2.1,3.2
2017,2017.03,6,dollars,TL,Timor-Leste,2.5,0.4,2.2,4.2,4.7,4.6,9.3
2017,2017.03,6,dollars,TM,Turkmenistan,0,0,0,0,0,0,0
2017,2017.03,6,dollars,TN,Tunisia,3.1,4.8,0.1,0,3.2,4.8,8
2017,2017.03,6,dollars,TO,Tonga,77.5,2.1,87.4,66,164.9,68.1,233
2017,2017.03,6,dollars,TR,Turkey,84.9,186,8.2,9.9,93,195.9,288.9
2017,2017.03,6,dollars,TT,Trinidad and Tobago,51.7,1.1,0.9,0.5,52.6,1.6,54.1
2017,2017.03,6,dollars,TV,Tuvalu,4.2,0,3.9,1.2,8.1,1.2,9.3
2017,2017.03,6,dollars,TW,Taiwan,1102.6,749.4,183.1,47.9,1285.8,797.3,2083.1
2017,2017.03,6,dollars,TZ,Tanzania,4.6,8.2,1.1,1.9,5.8,10.1,15.9
2017,2017.03,6,dollars,UA,Ukraine,11,6.8,8.1,1.4,19.1,8.2,27.3
2017,2017.03,6,dollars,UG,Uganda,1.1,1.2,0.7,0.8,1.8,2,3.8
2017,2017.03,6,dollars,UM,United States Minor Outlying Islands,0,0,0,0,0,0,0
2017,2017.03,6,dollars,US,United States of America,5214.6,5663.2,3156.5,2680,8371.1,8343.2,16714.3
2017,2017.03,6,dollars,UY,Uruguay,20.3,7.8,11.1,2.6,31.4,10.4,41.8
2017,2017.03,6,dollars,UZ,Uzbekistan,3.8,0,0.7,0.1,4.4,0.2,4.6
2017,2017.03,6,dollars,VA,Vatican City State,0,0,0,0,0,0,0
2017,2017.03,6,dollars,VC,St Vincent and the Grenadines,0.9,0.1,0,0,0.9,0.1,0.9
2017,2017.03,6,dollars,VE,Venezuela,39.4,0.1,2.2,0.6,41.5,0.7,42.3
2017,2017.03,6,dollars,VG,"Virgin Islands, British",0.2,0.1,0.5,0.8,0.7,0.9,1.7
2017,2017.03,6,dollars,VI,"Virgin Islands, United States",0.1,0.1,0.1,0.1,0.2,0.2,0.4
2017,2017.03,6,dollars,VN,Viet Nam,522.2,653.1,90.5,73,612.7,726.2,1338.9
2017,2017.03,6,dollars,VU,Vanuatu,47.4,0.7,35.8,39.6,83.2,40.2,123.5
2017,2017.03,6,dollars,WF,Wallis and Futuna,4.5,0,0.7,0.3,5.2,0.3,5.5
2017,2017.03,6,dollars,WS,Samoa,111.5,5.9,111.3,153.8,222.8,159.7,382.5
2017,2017.03,6,dollars,YE,Yemen,38.9,0.1,0.2,0,39.1,0.1,39.2
2017,2017.03,6,dollars,YT,Mayotte,0.6,0,0,0,0.6,0,0.6
2017,2017.03,6,dollars,ZA,South Africa,192.3,134.1,90.2,51.3,282.4,185.4,467.9
2017,2017.03,6,dollars,ZM,Zambia,2.1,0.1,1,0.7,3.1,0.8,4
2017,2017.03,6,dollars,ZW,Zimbabwe,1.3,2.1,2.7,2.1,4,4.2,8.2
2018,2018.03,6,dollars,AD,Andorra,0,0,0.5,0.1,0.5,0.1,0.6
2018,2018.03,6,dollars,AE,United Arab Emirates,868.1,1861.5,135.5,223.1,1003.6,2084.6,3088.2
2018,2018.03,6,dollars,AF,Afghanistan,0.8,0.1,2.3,6.2,3.2,6.3,9.5
2018,2018.03,6,dollars,AG,Antigua and Barbuda,2.2,0.1,0.3,1.7,2.5,1.8,4.3
2018,2018.03,6,dollars,AI,Anguilla,0,0.1,-1.5,0.3,-1.5,0.4,-1.1
2018,2018.03,6,dollars,AL,Albania,0.3,0.5,0.1,0.1,0.4,0.6,1
2018,2018.03,6,dollars,AM,Armenia,16.8,0.1,0.5,0.2,17.2,0.3,17.6
2018,2018.03,6,dollars,AO,Angola,19.4,0,0.8,0.2,20.2,0.2,20.4
2018,2018.03,6,dollars,AQ,Antarctica,0.3,0,3.4,1,3.6,1,4.6
2018,2018.03,6,dollars,AR,Argentina,23.7,230.9,141.7,29.1,165.4,260,425.4
2018,2018.03,6,dollars,AS,"Samoa, American",23,1,7.3,1.9,30.3,3,33.2
2018,2018.03,6,dollars,AT,Austria,28.2,260.4,38.8,49.2,67,309.6,376.5
2018,2018.03,6,dollars,AU,Australia,8913.3,6714.6,5057.8,5391.9,13971.2,12106.5,26077.7
2018,2018.03,6,dollars,AW,Aruba,1.3,0,0.9,0,2.2,0,2.3
2018,2018.03,6,dollars,AZ,Azerbaijan,60.9,0.2,0.4,0.3,61.3,0.5,61.8
2018,2018.03,6,dollars,BA,Bosnia and Herzegovina,0.1,3.3,0.2,0.4,0.3,3.7,3.9
2018,2018.03,6,dollars,BB,Barbados,27,1.5,3.8,4.5,30.7,6,36.7
2018,2018.03,6,dollars,BD,Bangladesh,298.8,111.7,16.9,5.6,315.6,117.3,433
2018,2018.03,6,dollars,BE,Belgium,267.2,405.6,61.5,69.1,328.7,474.6,803.3
2018,2018.03,6,dollars,BF,Burkina Faso,1.6,0,0.1,0.2,1.7,0.2,1.9
2018,2018.03,6,dollars,BG,Bulgaria,13.6,31.3,3.3,2.9,16.9,34.1,51
2018,2018.03,6,dollars,BH,Bahrain,42.2,10.7,3.9,3.8,46.1,14.5,60.6
2018,2018.03,6,dollars,BI,Burundi,0,0.2,0,0,0,0.2,0.2
2018,2018.03,6,dollars,BJ,Benin,1.3,0,0.3,0,1.6,0,1.6
2018,2018.03,6,dollars,BM,Bermuda,12.2,0.1,6.5,62.3,18.8,62.4,81.1
2018,2018.03,6,dollars,BN,Brunei Darussalam,5.2,0,6.1,1,11.3,1,12.3
2018,2018.03,6,dollars,BO,Bolivia,2.8,6,2.1,0.5,4.8,6.5,11.3
2018,2018.03,6,dollars,BR,Brazil,82.7,185.6,207,24.3,289.7,209.8,499.6
2018,2018.03,6,dollars,BS,Bahamas,1.6,0.1,5.9,1.1,7.5,1.2,8.7
2018,2018.03,6,dollars,BT,Bhutan,1.6,0,0.3,0.4,1.9,0.4,2.3
2018,2018.03,6,dollars,BW,Botswana,0,0,0.6,1.3,0.6,1.3,1.9
2018,2018.03,6,dollars,BY,Belarus,0.8,2,1.3,0.2,2.1,2.2,4.3
2018,2018.03,6,dollars,BZ,Belize,0.7,0.5,1.7,0.1,2.4,0.7,3.1
2018,2018.03,6,dollars,CA,Canada,690.9,622.7,395.4,189.1,1086.3,811.8,1898.2
2018,2018.03,6,dollars,CC,Cocos (Keeling) Islands,0,0.1,0,0,0,0.1,0.1
2018,2018.03,6,dollars,CD,"Congo, the Democratic Republic of the",5.1,0.4,0.4,0,5.4,0.4,5.8
2018,2018.03,6,dollars,CF,Central African Republic,0,0.3,0,0,0,0.3,0.3
2018,2018.03,6,dollars,CG,Congo,4.5,0,0.3,0,4.8,0,4.8
2018,2018.03,6,dollars,CH,Switzerland,94.1,368.3,212.3,425.9,306.4,794.1,1100.5
2018,2018.03,6,dollars,CI,Cote D'Ivoire,24.4,0,0.1,0.1,24.5,0.2,24.6
2018,2018.03,6,dollars,CK,Cook Islands,116.1,1.8,50.3,248.9,166.4,250.7,417.1
2018,2018.03,6,dollars,CL,Chile,165,107.9,88.4,38.6,253.4,146.5,399.9
2018,2018.03,6,dollars,CM,Cameroon,21.9,0.7,0.8,0.1,22.7,0.8,23.6
2018,2018.03,6,dollars,CN,"China, People's Republic of",12206.3,10789.6,3389.4,702.2,15595.7,11491.8,27087.5
2018,2018.03,6,dollars,CO,Colombia,22.5,25,60.2,4.3,82.7,29.3,112
2018,2018.03,6,dollars,CR,Costa Rica,13.9,28.5,3.1,3.1,16.9,31.6,48.5
2018,2018.03,6,dollars,CU,Cuba,59.6,0.8,1.3,2.5,60.8,3.2,64.1
2018,2018.03,6,dollars,CV,Cabo Verde,0.1,0,0,0,0.1,0.1,0.2
2018,2018.03,6,dollars,CW,Curacao,0.7,0,95.7,0.5,96.4,0.5,96.9
2018,2018.03,6,dollars,CX,Christmas Island,2.7,3.2,0,0,2.7,3.2,5.9
2018,2018.03,6,dollars,CY,Cyprus,13.8,1.8,1.5,28.5,15.3,30.4,45.7
2018,2018.03,6,dollars,CZ,Czechia,15.8,180.8,23,4.7,38.8,185.5,224.3
2018,2018.03,6,dollars,DE,Germany,753.6,2931.4,818.8,790,1572.4,3721.4,5293.8
2018,2018.03,6,dollars,DJ,Djibouti,1,2.6,0.2,0,1.3,2.6,3.8
2018,2018.03,6,dollars,DK,Denmark,146.9,229.1,227.1,543.3,374,772.4,1146.4
2018,2018.03,6,dollars,DM,Dominica,0,0,0.1,0,0.1,0.1,0.2
2018,2018.03,6,dollars,DO,Dominican Republic,24.8,13.5,1.6,0.8,26.4,14.3,40.7
2018,2018.03,6,dollars,DZ,Algeria,653.1,0,0.3,0.2,653.4,0.2,653.7
2018,2018.03,6,dollars,EC,Ecuador,6.6,57.9,7,1.8,13.6,59.7,73.4
2018,2018.03,6,dollars,EE,Estonia,5.4,9.5,3.1,0.1,8.4,9.6,18.1
2018,2018.03,6,dollars,EG,Egypt,321.9,7.3,3.9,6.1,325.8,13.4,339.2
2018,2018.03,6,dollars,ER,Eritrea,0,0,0.1,0,0.1,0,0.1
2018,2018.03,6,dollars,ES,Spain,225.4,452.4,85.1,35.7,310.5,488.1,798.6
2018,2018.03,6,dollars,ET,Ethiopia,3,4.5,0.6,4.4,3.6,8.9,12.5
2018,2018.03,6,dollars,FI,Finland,19.5,160.8,21.7,5.4,41.1,166.2,207.3
2018,2018.03,6,dollars,FJ,Fiji,493.6,58.9,174.7,382.4,668.3,441.3,1109.6
2018,2018.03,6,dollars,FK,Falkland Islands,0.2,0,0.1,0.1,0.3,0.2,0.5
2018,2018.03,6,dollars,FM,"Micronesia, Federated States of",4.7,0,3,0.4,7.6,0.4,8
2018,2018.03,6,dollars,FO,Faeroe Islands,4.6,0,0.3,0.1,5,0.1,5.1
2018,2018.03,6,dollars,FR,France,313.8,1019.3,418.1,121.5,731.9,1140.8,1872.7
2018,2018.03,6,dollars,GA,Gabon,2.2,0.2,0.1,0.1,2.3,0.2,2.5
2018,2018.03,6,dollars,GB,United Kingdom,1440.4,1698,1589.6,930.9,3030,2628.9,5658.9
2018,2018.03,6,dollars,GD,Grenada,4.4,0,0.2,0,4.6,0,4.6
2018,2018.03,6,dollars,GE,Georgia,4.8,0.7,0.4,0.7,5.1,1.4,6.5
2018,2018.03,6,dollars,GF,French Guiana,0.4,0,0.2,0,0.6,0,0.6
2018,2018.03,6,dollars,GH,Ghana,35.7,9.4,0.8,1,36.5,10.4,46.9
2018,2018.03,6,dollars,GI,Gibraltar,1,2.8,3.2,6.3,4.2,9.1,13.3
2018,2018.03,6,dollars,GL,Greenland,0,0,0.3,0.2,0.3,0.2,0.5
2018,2018.03,6,dollars,GM,Gambia,0.7,0.2,1.3,0,2,0.2,2.2
2018,2018.03,6,dollars,GN,Guinea,1.9,0.5,0,0,1.9,0.5,2.4
2018,2018.03,6,dollars,GP,Guadeloupe,7.6,0.3,0.4,0.2,8,0.5,8.4
2018,2018.03,6,dollars,GQ,Equatorial Guinea,0.5,0,0,0,0.5,0,0.6
2018,2018.03,6,dollars,GR,Greece,56,34,5,12.5,61,46.6,107.5
2018,2018.03,6,dollars,GS,South Georgia and the South Sandwich Islands,0,0.1,0,0.7,0,0.7,0.7
2018,2018.03,6,dollars,GT,Guatemala,37.7,40.1,1.1,0.3,38.8,40.4,79.2
2018,2018.03,6,dollars,GU,Guam,8,0,1.2,0.7,9.2,0.7,10
2018,2018.03,6,dollars,GW,Guinea-Bissau,0,0,0,0,0,0,0
2018,2018.03,6,dollars,GY,Guyana,25.8,2.3,0.1,0,26,2.4,28.4
2018,2018.03,6,dollars,HK,Hong Kong (Special Administrative Region),1154.4,84.3,473.7,286.4,1628.1,370.7,1998.7
2018,2018.03,6,dollars,HN,Honduras,3.1,4.4,0.1,0,3.2,4.4,7.6
2018,2018.03,6,dollars,HR,Croatia,3.4,4.9,3.2,9.6,6.6,14.6,21.2
2018,2018.03,6,dollars,HT,Haiti,0.7,0.7,2.3,0.2,2.9,0.9,3.8
2018,2018.03,6,dollars,HU,Hungary,4.7,84.1,8.2,4.7,13,88.8,101.7
2018,2018.03,6,dollars,ID,Indonesia,987.4,807.4,132.6,128.2,1120,935.5,2055.5
2018,2018.03,6,dollars,IE,Ireland,61.8,228.4,53.7,159.2,115.5,387.6,503.1
2018,2018.03,6,dollars,IL,Israel,36.3,163.2,24.3,12.2,60.6,175.5,236.1
2018,2018.03,6,dollars,IN,India,711.7,627.8,980.5,270.2,1692.2,898,2590.2
2018,2018.03,6,dollars,IO,British Indian Ocean Territory,0,0,0,0,0,0,0
2018,2018.03,6,dollars,IQ,Iraq,6.1,0,2,1.8,8.2,1.8,10
2018,2018.03,6,dollars,IR,Iran,196.3,5.8,8.2,8.8,204.4,14.6,219.1
2018,2018.03,6,dollars,IS,Iceland,2.5,1.9,3,1.2,5.5,3.1,8.6
2018,2018.03,6,dollars,IT,Italy,354.2,1143.8,67.3,65.5,421.5,1209.3,1630.8
2018,2018.03,6,dollars,JM,Jamaica,35.5,7.4,2.3,0.5,37.7,7.9,45.6
2018,2018.03,6,dollars,JO,Jordan,104.8,2.8,2,1.8,106.8,4.6,111.4
2018,2018.03,6,dollars,JP,Japan,3263,3693.4,969.9,221.7,4232.9,3915.1,8148
2018,2018.03,6,dollars,KE,Kenya,11.5,4.1,6.6,2.5,18.2,6.6,24.8
2018,2018.03,6,dollars,KG,Kyrgyzstan,0,0.1,0.4,0.1,0.4,0.2,0.6
2018,2018.03,6,dollars,KH,Cambodia,9.7,25.8,22.2,16.5,31.9,42.3,74.2
2018,2018.03,6,dollars,KI,Kiribati,17.7,0,6.2,5.6,23.9,5.6,29.5
2018,2018.03,6,dollars,KM,Comoros,0.1,0,0.1,0,0.2,0,0.2
2018,2018.03,6,dollars,KN,St Kitts and Nevis,0,0,0.1,0,0.1,0,0.1
2018,2018.03,6,dollars,KR,"Korea, Republic of",1581.8,2153.5,577.6,118.4,2159.4,2271.9,4431.3
2018,2018.03,6,dollars,KW,Kuwait,114,31.6,5.8,0.8,119.8,32.4,152.2
2018,2018.03,6,dollars,KY,Cayman Islands,2.3,0.3,3.8,0.3,6,0.6,6.6
2018,2018.03,6,dollars,KZ,Kazakhstan,2.5,1.4,4.6,0.6,7.2,2,9.1
2018,2018.03,6,dollars,LA,Laos,1.6,2.3,5.4,2.4,7,4.7,11.7
2018,2018.03,6,dollars,LB,Lebanon,12.6,1.6,1,1,13.6,2.6,16.3
2018,2018.03,6,dollars,LC,St Lucia,4.7,0,0,0,4.7,0,4.8
2018,2018.03,6,dollars,LI,Liechtenstein,0.1,0.7,1.1,1.5,1.2,2.2,3.4
2018,2018.03,6,dollars,LK,Sri Lanka,410.2,61.1,73.2,23.5,483.4,84.6,568
2018,2018.03,6,dollars,LR,Liberia,0.5,0,0.7,0.1,1.2,0.1,1.3
2018,2018.03,6,dollars,LS,Lesotho,0,0.9,0.1,0,0.1,0.9,1
2018,2018.03,6,dollars,LT,Lithuania,18.5,53.9,3.4,1.3,21.9,55.2,77.1
2018,2018.03,6,dollars,LU,Luxembourg,1.8,6.7,5.5,5.8,7.4,12.6,20
2018,2018.03,6,dollars,LV,Latvia,14.9,10.2,2,0.8,16.9,11,27.9
2018,2018.03,6,dollars,LY,Libya,33.6,0,0.3,0,33.9,0,33.9
2018,2018.03,6,dollars,MA,Morocco,77.5,63.9,1.5,2.5,79,66.3,145.4
2018,2018.03,6,dollars,MC,Monaco,0.1,0.5,1.6,0.6,1.7,1.1,2.8
2018,2018.03,6,dollars,MD,Moldova,0.1,0.4,0.1,0,0.2,0.4,0.6
2018,2018.03,6,dollars,ME,Montenegro,0.1,0.1,0,0,0.1,0.1,0.2
2018,2018.03,6,dollars,MG,Madagascar,3,1.8,0.3,0.2,3.3,2.1,5.4
2018,2018.03,6,dollars,MH,Marshall Islands,5.2,0.1,3.1,0.3,8.2,0.4,8.6
2018,2018.03,6,dollars,MK,North Macedonia,0.2,0.8,0.4,1,0.6,1.9,2.4
2018,2018.03,6,dollars,ML,Mali,10,0.1,0.3,0.2,10.3,0.3,10.5
2018,2018.03,6,dollars,MM,Myanmar,42.1,5.2,7.9,5.3,50,10.4,60.4
2018,2018.03,6,dollars,MN,Mongolia,7.5,0.1,2.5,0.7,10,0.8,10.7
2018,2018.03,6,dollars,MO,Macau (Special Administrative Region),21.8,0.6,11.3,1.5,33.1,2.2,35.3
2018,2018.03,6,dollars,MP,Northern Mariana Islands,4.3,0,0.4,0,4.7,0.1,4.7
2018,2018.03,6,dollars,MQ,Martinique,5.4,0,0.1,0,5.5,0,5.5
2018,2018.03,6,dollars,MR,Mauritania,1,0.1,0.1,0,1.1,0.1,1.2
2018,2018.03,6,dollars,MS,Montserrat,0,0,0.1,0,0.1,0,0.1
2018,2018.03,6,dollars,MT,Malta,6.3,3.1,2.5,1,8.8,4.1,12.9
2018,2018.03,6,dollars,MU,Mauritius,77.9,8.5,4.2,2,82.1,10.5,92.6
2018,2018.03,6,dollars,MV,Maldives,31.5,0,1.6,1.9,33.1,1.9,35
2018,2018.03,6,dollars,MW,Malawi,0,0.2,0.5,0.4,0.5,0.6,1.1
2018,2018.03,6,dollars,MX,Mexico,334.7,364.5,49.1,18,383.8,382.6,766.4
2018,2018.03,6,dollars,MY,Malaysia,1008.3,1948.2,295,128.5,1303.3,2076.7,3380
2018,2018.03,6,dollars,MZ,Mozambique,7.2,0.8,0.7,0.3,7.8,1.1,8.9
2018,2018.03,6,dollars,NA,Namibia,1.8,12,1.2,1.1,3,13.1,16.2
2018,2018.03,6,dollars,NC,New Caledonia,142.3,1.6,70.6,33.6,212.9,35.2,248.1
2018,2018.03,6,dollars,NE,Niger,0,0.2,0.9,0,1,0.2,1.2
2018,2018.03,6,dollars,NF,Norfolk Island,8.8,0,1.5,4.3,10.3,4.3,14.6
2018,2018.03,6,dollars,NG,Nigeria,224.5,3.2,4.1,1.5,228.6,4.7,233.3
2018,2018.03,6,dollars,NI,Nicaragua,26.4,2,0.6,0.4,27,2.4,29.4
2018,2018.03,6,dollars,NL,Netherlands,905.4,613.7,156.1,215.5,1061.5,829.2,1890.7
2018,2018.03,6,dollars,NO,Norway,41.4,52.3,52,7.8,93.4,60.1,153.5
2018,2018.03,6,dollars,NP,Nepal,9.1,1,37.5,10.4,46.6,11.3,57.9
2018,2018.03,6,dollars,NR,Nauru,2.6,2.7,0.9,1.3,3.5,4,7.5
2018,2018.03,6,dollars,NZ,New Zealand,0,191.8,0,0,0,191.8,191.8
2018,2018.03,6,dollars,OM,Oman,106.6,46.5,12.8,1.1,119.5,47.6,167
2018,2018.03,6,dollars,PA,Panama,50.5,1.8,1.7,0.4,52.2,2.2,54.3
2018,2018.03,6,dollars,PE,Peru,177.1,44.9,8.7,6.1,185.9,51,236.8
2018,2018.03,6,dollars,PF,French Polynesia,188,2.3,96.9,30.4,284.9,32.7,317.6
2018,2018.03,6,dollars,PG,Papua New Guinea,169.9,25.5,47.6,23,217.5,48.4,265.9
2018,2018.03,6,dollars,PH,Philippines,697.8,122.5,243.2,134.7,941,257.2,1198.2
2018,2018.03,6,dollars,PK,Pakistan,129.7,65.5,9.4,6.9,139.1,72.5,211.6
2018,2018.03,6,dollars,PL,Poland,62.6,175.5,25.4,8.8,88.1,184.3,272.4
2018,2018.03,6,dollars,PM,St Pierre and Miquelon,0,0,0,0,0,0,0
2018,2018.03,6,dollars,PN,Pitcairn,1.6,0,0,0.2,1.6,0.2,1.8
2018,2018.03,6,dollars,PR,Puerto Rico,0.7,14,0.7,0.1,1.4,14,15.4
2018,2018.03,6,dollars,PT,Portugal,49.8,43.5,8.4,4.7,58.2,48.2,106.3
2018,2018.03,6,dollars,PW,Palau,1.3,0,0.5,0.1,1.7,0.1,1.8
2018,2018.03,6,dollars,PY,Paraguay,0.9,0.3,1.8,0.2,2.7,0.5,3.2
2018,2018.03,6,dollars,QA,Qatar,37.9,138.4,9.9,1.4,47.9,139.9,187.7
2018,2018.03,6,dollars,RE,Reunion,11.7,0,1.2,0.2,12.9,0.2,13.1
2018,2018.03,6,dollars,RO,Romania,6.4,50.1,5.2,2.9,11.6,53,64.5
2018,2018.03,6,dollars,RS,Serbia,1.8,3.5,0.2,0,2,3.5,5.5
2018,2018.03,6,dollars,RU,Russia,181.4,297.2,59.3,14.2,240.7,311.4,552.1
2018,2018.03,6,dollars,RW,Rwanda,0.5,0.8,0.6,0.7,1.1,1.4,2.5
2018,2018.03,6,dollars,SA,Saudi Arabia,572.8,426.9,71,8.8,643.7,435.8,1079.5
2018,2018.03,6,dollars,SB,Solomon Islands,38.5,7.5,20.2,10,58.7,17.5,76.2
2018,2018.03,6,dollars,SC,Seychelles,2.8,0,0.6,1.7,3.4,1.7,5.1
2018,2018.03,6,dollars,SD,Sudan,63.5,0,0.6,0.3,64.1,0.3,64.4
2018,2018.03,6,dollars,SE,Sweden,77.4,367.7,71.6,16.7,149.1,384.4,533.5
2018,2018.03,6,dollars,SG,Singapore,1221.8,1843.8,436.5,1390.4,1658.2,3234.2,4892.5
2018,2018.03,6,dollars,SH,St Helena,0,0.1,0,0,0,0.1,0.1
2018,2018.03,6,dollars,SI,Slovenia,3.8,24.9,3.5,30.2,7.3,55.1,62.3
2018,2018.03,6,dollars,SK,Slovakia,9.2,66.8,5.7,1.5,14.9,68.3,83.2
2018,2018.03,6,dollars,SL,Sierra Leone,5.6,0.5,1,0.7,6.6,1.2,7.9
2018,2018.03,6,dollars,SM,San Marino,0,0,0,0,0,0.1,0.1
2018,2018.03,6,dollars,SN,Senegal,15.2,0,0.1,0.2,15.3,0.2,15.5
2018,2018.03,6,dollars,SO,Somalia,4.3,0,0.1,0.5,4.4,0.5,4.9
2018,2018.03,6,dollars,SR,Suriname,0.2,0.4,0.1,0,0.3,0.4,0.7
2018,2018.03,6,dollars,SS,South Sudan,0,0,0.1,0.1,0.1,0.1,0.2
2018,2018.03,6,dollars,ST,Sao Tome and Principe,0,0,0,0,0,0,0
2018,2018.03,6,dollars,SV,El Salvador,12.6,2.2,0.5,0,13.1,2.2,15.3
2018,2018.03,6,dollars,SX,St Maarten (Dutch part),1.4,0,0,0,1.4,0,1.4
2018,2018.03,6,dollars,SY,Syria,15.6,0,0.2,0.1,15.8,0.1,15.8
2018,2018.03,6,dollars,SZ,Eswatini,0,0.8,1.2,0.2,1.2,1,2.2
2018,2018.03,6,dollars,TC,Turks and Caicos Islands,0.2,0,0.2,0.8,0.4,0.8,1.2
2018,2018.03,6,dollars,TD,Chad,0.2,0,0.1,0,0.3,0,0.3
2018,2018.03,6,dollars,TF,French Southern Territories,0,0,0,0,0,0,0
2018,2018.03,6,dollars,TG,Togo,0.9,0.2,0,0,1,0.2,1.2
2018,2018.03,6,dollars,TH,Thailand,837.2,2606.1,239.5,197,1076.8,2803.1,3879.8
2018,2018.03,6,dollars,TJ,Tajikistan,0,0,0,0,0,0.1,0.1
2018,2018.03,6,dollars,TK,Tokelau,0.6,0.3,1,2,1.6,2.3,3.9
2018,2018.03,6,dollars,TL,Timor-Leste,6.2,0.5,3.2,4,9.5,4.5,13.9
2018,2018.03,6,dollars,TM,Turkmenistan,0.3,0,0.1,0,0.3,0,0.3
2018,2018.03,6,dollars,TN,Tunisia,7.2,7.8,0.3,0.3,7.6,8,15.6
2018,2018.03,6,dollars,TO,Tonga,68.2,3.5,82.2,74.4,150.4,77.9,228.3
2018,2018.03,6,dollars,TR,Turkey,81.8,180.3,8.8,6.6,90.7,186.8,277.5
2018,2018.03,6,dollars,TT,Trinidad and Tobago,64.1,1.6,1,0,65.1,1.6,66.7
2018,2018.03,6,dollars,TV,Tuvalu,3.9,0,4.5,0.9,8.4,1,9.3
2018,2018.03,6,dollars,TW,Taiwan,1119.6,801.7,187.9,49.8,1307.5,851.5,2159
2018,2018.03,6,dollars,TZ,Tanzania,5.8,5.8,1.2,2.3,6.9,8.1,15
2018,2018.03,6,dollars,UA,Ukraine,11.7,9.9,7.9,1.8,19.7,11.7,31.4
2018,2018.03,6,dollars,UG,Uganda,0.8,0.4,0.6,0.6,1.4,0.9,2.3
2018,2018.03,6,dollars,UM,United States Minor Outlying Islands,0,0,0,0.1,0,0.1,0.1
2018,2018.03,6,dollars,US,United States of America,5358.9,5931.7,3476.8,2850.8,8835.6,8782.5,17618.1
2018,2018.03,6,dollars,UY,Uruguay,16.9,4.3,10.3,3.3,27.2,7.6,34.8
2018,2018.03,6,dollars,UZ,Uzbekistan,3,0.1,1,0.2,4,0.3,4.2
2018,2018.03,6,dollars,VA,Vatican City State,0,0,0,0,0,0,0
2018,2018.03,6,dollars,VC,St Vincent and the Grenadines,0.9,0,0.1,0.1,1,0.1,1.1
2018,2018.03,6,dollars,VE,Venezuela,0.6,0.3,2.1,0.1,2.7,0.4,3.1
2018,2018.03,6,dollars,VG,"Virgin Islands, British",0.1,0.2,1.2,0.5,1.3,0.7,2
2018,2018.03,6,dollars,VI,"Virgin Islands, United States",0.2,0.1,0,0.1,0.2,0.2,0.5
2018,2018.03,6,dollars,VN,Viet Nam,779.7,858.5,124.2,82.1,903.9,940.7,1844.6
2018,2018.03,6,dollars,VU,Vanuatu,45.3,0.8,39.4,39.4,84.7,40.2,124.9
2018,2018.03,6,dollars,WF,Wallis and Futuna,5.8,0,0.5,0.2,6.3,0.2,6.5
2018,2018.03,6,dollars,WS,Samoa,105.6,6.3,114.7,165.4,220.3,171.7,392
2018,2018.03,6,dollars,YE,Yemen,26.8,0.1,0.2,0,27,0.1,27.1
2018,2018.03,6,dollars,YT,Mayotte,0.7,0,0,0,0.7,0,0.7
2018,2018.03,6,dollars,ZA,South Africa,225.8,144.6,90.7,54.7,316.5,199.3,515.7
2018,2018.03,6,dollars,ZM,Zambia,2.6,0.2,1.1,0.5,3.7,0.7,4.4
2018,2018.03,6,dollars,ZW,Zimbabwe,2.4,1.1,2.8,2.4,5.2,3.5,8.7
2019,2019.03,6,dollars,AD,Andorra,0.6,0.1,0.5,0,1,0.1,1.2
2019,2019.03,6,dollars,AE,United Arab Emirates,802.8,2771.6,137.6,246.4,940.4,3018,3958.4
2019,2019.03,6,dollars,AF,Afghanistan,1.2,0.2,4.3,7.3,5.4,7.5,12.9
2019,2019.03,6,dollars,AG,Antigua and Barbuda,3.4,0.1,0.3,0.1,3.7,0.3,3.9
2019,2019.03,6,dollars,AI,Anguilla,0,0,0,0.1,0,0.1,0.2
2019,2019.03,6,dollars,AL,Albania,0,0.8,0.3,0.1,0.3,1,1.3
2019,2019.03,6,dollars,AM,Armenia,1,0.3,0.3,0.2,1.3,0.5,1.9
2019,2019.03,6,dollars,AO,Angola,13.2,0,0.2,0.4,13.4,0.4,13.8
2019,2019.03,6,dollars,AQ,Antarctica,1.4,0,0.1,0.8,1.4,0.8,2.2
2019,2019.03,6,dollars,AR,Argentina,18.2,221.1,130.7,34.1,148.9,255.2,404
2019,2019.03,6,dollars,AS,"Samoa, American",27.6,0.8,6.3,2.1,33.9,2.9,36.7
2019,2019.03,6,dollars,AT,Austria,44.6,282.8,42.7,55.8,87.4,338.7,426.1
2019,2019.03,6,dollars,AU,Australia,9011.5,6991.4,5205.1,5825.4,14216.6,12816.8,27033.4
2019,2019.03,6,dollars,AW,Aruba,1.1,0,0.3,0.1,1.5,0.1,1.6
2019,2019.03,6,dollars,AZ,Azerbaijan,22.3,0.2,0.2,0.4,22.6,0.6,23.2
2019,2019.03,6,dollars,BA,Bosnia and Herzegovina,0.3,1.8,0.2,0.2,0.4,2,2.4
2019,2019.03,6,dollars,BB,Barbados,28.1,1.3,6.2,4.4,34.3,5.7,40.1
2019,2019.03,6,dollars,BD,Bangladesh,367.6,146,14.7,5.1,382.2,151.1,533.3
2019,2019.03,6,dollars,BE,Belgium,293.1,399.6,59.9,78.3,353,477.9,830.9
2019,2019.03,6,dollars,BF,Burkina Faso,0.8,0,0.2,0,1,0.1,1.1
2019,2019.03,6,dollars,BG,Bulgaria,12.9,22.3,2.6,1.5,15.5,23.8,39.3
2019,2019.03,6,dollars,BH,Bahrain,65.7,6.7,5.2,6.2,70.9,12.9,83.8
2019,2019.03,6,dollars,BI,Burundi,0.1,1.1,0,0.1,0.1,1.2,1.3
2019,2019.03,6,dollars,BJ,Benin,1,0,0,0,1,0,1
2019,2019.03,6,dollars,BM,Bermuda,8.7,0.8,5.9,160.3,14.6,161.1,175.7
2019,2019.03,6,dollars,BN,Brunei Darussalam,6.6,0,6.3,1,12.9,1,14
2019,2019.03,6,dollars,BO,Bolivia,1.6,10,1.4,0.4,3,10.4,13.4
2019,2019.03,6,dollars,BR,Brazil,99.4,174,225.6,24.9,325,198.9,523.9
2019,2019.03,6,dollars,BS,Bahamas,3.4,0,5.2,1.2,8.6,1.2,9.8
2019,2019.03,6,dollars,BT,Bhutan,0.6,0,0.8,0.2,1.4,0.2,1.7
2019,2019.03,6,dollars,BW,Botswana,0.1,0,1,1.5,1.1,1.5,2.6
2019,2019.03,6,dollars,BY,Belarus,1.5,22.7,1.5,0.4,2.9,23.2,26.1
2019,2019.03,6,dollars,BZ,Belize,0.6,1.1,0.7,0.1,1.3,1.2,2.5
2019,2019.03,6,dollars,CA,Canada,736.4,712.9,447.2,222.1,1183.7,934.9,2118.6
2019,2019.03,6,dollars,CC,Cocos (Keeling) Islands,0,0.1,0,0,0,0.1,0.1
2019,2019.03,6,dollars,CD,"Congo, the Democratic Republic of the",7,0.4,0.3,0,7.3,0.4,7.7
2019,2019.03,6,dollars,CF,Central African Republic,0.1,0,0,0,0.1,0,0.1
2019,2019.03,6,dollars,CG,Congo,3.5,0,0.1,0.5,3.6,0.5,4.1
2019,2019.03,6,dollars,CH,Switzerland,165.4,390.9,220.5,571.4,385.9,962.3,1348.3
2019,2019.03,6,dollars,CI,Cote D'Ivoire,30.5,0.2,0.6,0.6,31.2,0.8,31.9
2019,2019.03,6,dollars,CK,Cook Islands,124.6,0.6,57,236.2,181.6,236.8,418.3
2019,2019.03,6,dollars,CL,Chile,191.4,122,105.5,49.7,296.9,171.7,468.6
2019,2019.03,6,dollars,CM,Cameroon,23.1,0.8,0.7,0,23.9,0.8,24.7
2019,2019.03,6,dollars,CN,"China, People's Republic of",14725.2,12282.4,3300.5,784.7,18025.7,13067.1,31092.8
2019,2019.03,6,dollars,CO,Colombia,13.8,25.1,65.6,4.6,79.4,29.8,109.2
2019,2019.03,6,dollars,CR,Costa Rica,15.7,13.4,2.7,2.3,18.4,15.7,34.2
2019,2019.03,6,dollars,CU,Cuba,45.3,1.2,1.1,1.4,46.3,2.6,49
2019,2019.03,6,dollars,CV,Cabo Verde,0,0,0,0,0,0,0
2019,2019.03,6,dollars,CW,Curacao,1.1,0,87.8,0.1,88.9,0.1,88.9
2019,2019.03,6,dollars,CX,Christmas Island,0.3,2.3,0,0,0.4,2.3,2.7
2019,2019.03,6,dollars,CY,Cyprus,18.5,3.8,1.7,3,20.2,6.7,27
2019,2019.03,6,dollars,CZ,Czechia,43,216.8,26.2,5.3,69.2,222.1,291.3
2019,2019.03,6,dollars,DE,Germany,878.2,3214,851.3,926.5,1729.5,4140.4,5870
2019,2019.03,6,dollars,DJ,Djibouti,0.6,1.2,0,0,0.6,1.2,1.8
2019,2019.03,6,dollars,DK,Denmark,156.4,250.2,247.1,515,403.5,765.2,1168.7
2019,2019.03,6,dollars,DM,Dominica,0.1,0.1,0.4,0.1,0.4,0.2,0.6
2019,2019.03,6,dollars,DO,Dominican Republic,28.2,17.2,1.7,1.4,30,18.7,48.6
2019,2019.03,6,dollars,DZ,Algeria,458.7,1.7,0.3,0.3,458.9,2,460.9
2019,2019.03,6,dollars,EC,Ecuador,7.4,64,6,2.1,13.4,66.1,79.5
2019,2019.03,6,dollars,EE,Estonia,4.5,9.7,2.9,0.5,7.5,10.3,17.7
2019,2019.03,6,dollars,EG,Egypt,335.5,7.5,4.1,8.1,339.6,15.7,355.3
2019,2019.03,6,dollars,ER,Eritrea,0,0,0.1,0.1,0.1,0.1,0.2
2019,2019.03,6,dollars,ES,Spain,142.4,458.6,84.7,38.5,227.1,497.1,724.2
2019,2019.03,6,dollars,ET,Ethiopia,1.6,6.1,0.8,4.9,2.4,11,13.4
2019,2019.03,6,dollars,FI,Finland,25.1,169.4,20.7,4.6,45.8,174.1,219.9
2019,2019.03,6,dollars,FJ,Fiji,484.9,58.4,188.3,423.4,673.2,481.9,1155.1
2019,2019.03,6,dollars,FK,Falkland Islands,0.7,0,0.3,0.1,1,0.1,1.1
2019,2019.03,6,dollars,FM,"Micronesia, Federated States of",3.8,0,1.6,0.1,5.4,0.2,5.5
2019,2019.03,6,dollars,FO,Faeroe Islands,4.2,0,0.3,0,4.5,0,4.5
2019,2019.03,6,dollars,FR,France,348.8,1106.4,372.7,128.9,721.5,1235.2,1956.7
2019,2019.03,6,dollars,GA,Gabon,2.1,0.9,0.2,0.1,2.3,1,3.4
2019,2019.03,6,dollars,GB,United Kingdom,1586.6,1734,1479.3,1026,3065.9,2760.1,5826
2019,2019.03,6,dollars,GD,Grenada,2.9,0,0.1,0,3,0,3
2019,2019.03,6,dollars,GE,Georgia,44.6,0.7,0.5,0.9,45.1,1.7,46.8
2019,2019.03,6,dollars,GF,French Guiana,0.6,0,0,0,0.7,0,0.7
2019,2019.03,6,dollars,GH,Ghana,39.1,10.5,1.6,0.7,40.7,11.2,51.9
2019,2019.03,6,dollars,GI,Gibraltar,1.4,0.1,0.5,1.5,1.9,1.6,3.5
2019,2019.03,6,dollars,GL,Greenland,0,0,0.1,0.1,0.1,0.1,0.2
2019,2019.03,6,dollars,GM,Gambia,1,0,1.4,0.1,2.5,0.1,2.6
2019,2019.03,6,dollars,GN,Guinea,0.9,0,0.3,0.2,1.2,0.3,1.4
2019,2019.03,6,dollars,GP,Guadeloupe,6.4,0.3,0.1,0.3,6.5,0.7,7.2
2019,2019.03,6,dollars,GQ,Equatorial Guinea,1,0,0,0.1,1,0.1,1
2019,2019.03,6,dollars,GR,Greece,67.7,40,6.7,19.4,74.4,59.4,133.8
2019,2019.03,6,dollars,GS,South Georgia and the South Sandwich Islands,0,0,0.1,0.2,0.1,0.2,0.3
2019,2019.03,6,dollars,GT,Guatemala,45.7,53.1,0.9,0.6,46.6,53.7,100.4
2019,2019.03,6,dollars,GU,Guam,9.2,0.1,1.5,0.4,10.7,0.5,11.2
2019,2019.03,6,dollars,GW,Guinea-Bissau,0,0,0,0,0,0,0
2019,2019.03,6,dollars,GY,Guyana,26.5,1.7,0.4,0.1,26.9,1.8,28.7
2019,2019.03,6,dollars,HK,Hong Kong (Special Administrative Region),1210.3,99.3,502.6,289.9,1712.9,389.2,2102.1
2019,2019.03,6,dollars,HN,Honduras,0.3,13.4,0.2,0.1,0.5,13.5,14
2019,2019.03,6,dollars,HR,Croatia,1.3,4.5,3.5,11.9,4.8,16.4,21.2
2019,2019.03,6,dollars,HT,Haiti,0.3,1.1,0.4,0.1,0.7,1.2,1.9
2019,2019.03,6,dollars,HU,Hungary,8,102.8,7.4,3.1,15.4,105.8,121.2
2019,2019.03,6,dollars,ID,Indonesia,1008.6,876.7,148.3,169.5,1156.9,1046.2,2203.1
2019,2019.03,6,dollars,IE,Ireland,64.7,259.3,65.1,146.9,129.8,406.1,535.9
2019,2019.03,6,dollars,IL,Israel,31.2,138.3,24.6,10.6,55.8,149,204.8
2019,2019.03,6,dollars,IN,India,692.7,715.9,952.7,255,1645.4,970.9,2616.3
2019,2019.03,6,dollars,IO,British Indian Ocean Territory,8.8,0,0,0.2,8.8,0.2,9.1
2019,2019.03,6,dollars,IQ,Iraq,5.4,0,2.6,1.7,8,1.7,9.7
2019,2019.03,6,dollars,IR,Iran,105,5.5,8.7,8,113.8,13.5,127.3
2019,2019.03,6,dollars,IS,Iceland,2.6,2.3,2.9,2.1,5.5,4.4,9.9
2019,2019.03,6,dollars,IT,Italy,308.8,1297.9,72.4,90.3,381.2,1388.2,1769.4
2019,2019.03,6,dollars,JM,Jamaica,41.6,7.8,1.6,0.3,43.2,8.1,51.2
2019,2019.03,6,dollars,JO,Jordan,80.4,3.2,1.9,2.2,82.3,5.4,87.7
2019,2019.03,6,dollars,JP,Japan,3492.5,4303.5,1005.9,234.7,4498.4,4538.2,9036.6
2019,2019.03,6,dollars,KE,Kenya,10.2,6.1,6.1,3,16.3,9.1,25.4
2019,2019.03,6,dollars,KG,Kyrgyzstan,0.1,0,0.4,0,0.5,0.1,0.6
2019,2019.03,6,dollars,KH,Cambodia,11.6,29.4,24.9,14.4,36.4,43.8,80.3
2019,2019.03,6,dollars,KI,Kiribati,10.6,0,5.7,6.4,16.4,6.4,22.8
2019,2019.03,6,dollars,KM,Comoros,0.5,0,0.2,0,0.7,0,0.7
2019,2019.03,6,dollars,KN,St Kitts and Nevis,0,0,0.1,0,0.1,0,0.1
2019,2019.03,6,dollars,KR,"Korea, Republic of",1729.3,2707,582.3,129.9,2311.6,2836.9,5148.5
2019,2019.03,6,dollars,KW,Kuwait,93.1,12.6,7.2,0.5,100.3,13.2,113.4
2019,2019.03,6,dollars,KY,Cayman Islands,32.3,8.6,5.5,0.3,37.8,8.9,46.7
2019,2019.03,6,dollars,KZ,Kazakhstan,0.9,1.3,4.9,0.6,5.8,1.9,7.8
2019,2019.03,6,dollars,LA,Laos,0.8,3.8,7.2,4,8,7.8,15.8
2019,2019.03,6,dollars,LB,Lebanon,20.1,1.9,1,1.4,21,3.3,24.4
2019,2019.03,6,dollars,LC,St Lucia,4.9,0,0.3,0,5.1,0,5.2
2019,2019.03,6,dollars,LI,Liechtenstein,0.2,1.1,0.9,1.9,1,3.1,4.1
2019,2019.03,6,dollars,LK,Sri Lanka,409.4,60.7,74.3,22.5,483.7,83.1,566.8
2019,2019.03,6,dollars,LR,Liberia,0.6,0.2,1.4,0.1,2.1,0.2,2.3
2019,2019.03,6,dollars,LS,Lesotho,0,0.1,0,0,0,0.1,0.2
2019,2019.03,6,dollars,LT,Lithuania,14.5,49.5,3.9,1.8,18.5,51.3,69.8
2019,2019.03,6,dollars,LU,Luxembourg,0.8,7.9,4.6,4.8,5.5,12.7,18.2
2019,2019.03,6,dollars,LV,Latvia,15.4,14.9,2.3,0.5,17.7,15.4,33.1
2019,2019.03,6,dollars,LY,Libya,41.6,0,0.2,0.1,41.8,0.1,41.9
2019,2019.03,6,dollars,MA,Morocco,69.7,69.8,1.9,2.7,71.6,72.5,144.1
2019,2019.03,6,dollars,MC,Monaco,0,2.6,5.2,0.3,5.2,2.9,8.1
2019,2019.03,6,dollars,MD,Moldova,0.3,0.5,0.2,0.2,0.5,0.7,1.2
2019,2019.03,6,dollars,ME,Montenegro,0.2,0,0,0,0.2,0,0.2
2019,2019.03,6,dollars,MG,Madagascar,3.2,2.1,0.2,0.2,3.4,2.3,5.6
2019,2019.03,6,dollars,MH,Marshall Islands,5.8,0,1.7,0.3,7.6,0.4,7.9
2019,2019.03,6,dollars,MK,North Macedonia,0.1,1,0.7,0.8,0.8,1.8,2.6
2019,2019.03,6,dollars,ML,Mali,4.1,0.2,0.4,0.5,4.5,0.7,5.2
2019,2019.03,6,dollars,MM,Myanmar,45.4,6.7,9.4,4.3,54.8,11,65.8
2019,2019.03,6,dollars,MN,Mongolia,10.2,0.1,2.5,1.3,12.7,1.3,14.1
2019,2019.03,6,dollars,MO,Macau (Special Administrative Region),3.1,0.4,12.4,1.2,15.5,1.6,17.1
2019,2019.03,6,dollars,MP,Northern Mariana Islands,5.1,0,0.3,0,5.4,0,5.4
2019,2019.03,6,dollars,MQ,Martinique,3.9,0,0.1,0,4,0,4
2019,2019.03,6,dollars,MR,Mauritania,0.4,0,0.2,0.1,0.6,0.1,0.7
2019,2019.03,6,dollars,MS,Montserrat,0,0,0,0,0,0,0
2019,2019.03,6,dollars,MT,Malta,4.5,4.2,5,2.2,9.5,6.4,15.8
2019,2019.03,6,dollars,MU,Mauritius,90.4,8.6,4.6,3.4,95,12,107
2019,2019.03,6,dollars,MV,Maldives,26.3,0,1.8,2.4,28.1,2.4,30.5
2019,2019.03,6,dollars,MW,Malawi,1,0.6,0.4,0.4,1.4,1,2.4
2019,2019.03,6,dollars,MX,Mexico,341.9,416.8,48.2,22.9,390.1,439.7,829.8
2019,2019.03,6,dollars,MY,Malaysia,1043.5,1968.1,315.1,133.5,1358.6,2101.6,3460.2
2019,2019.03,6,dollars,MZ,Mozambique,7.8,16.1,0.7,0.2,8.5,16.3,24.8
2019,2019.03,6,dollars,NA,Namibia,1.7,0.2,1.6,1.3,3.2,1.5,4.7
2019,2019.03,6,dollars,NC,New Caledonia,122.7,1.8,76.2,36.9,199,38.7,237.7
2019,2019.03,6,dollars,NE,Niger,0,0.1,0.7,0.2,0.7,0.3,1.1
2019,2019.03,6,dollars,NF,Norfolk Island,9.5,0,1.1,2,10.6,2,12.5
2019,2019.03,6,dollars,NG,Nigeria,150.2,0,3.5,1,153.8,1.1,154.8
2019,2019.03,6,dollars,NI,Nicaragua,26.2,7,0.5,0.1,26.7,7.1,33.7
2019,2019.03,6,dollars,NL,Netherlands,817.1,634.6,174.1,207.4,991.2,842,1833.3
2019,2019.03,6,dollars,NO,Norway,51.7,147.3,43,7.1,94.7,154.4,249.1
2019,2019.03,6,dollars,NP,Nepal,8.7,1.3,49.2,9.3,57.8,10.6,68.5
2019,2019.03,6,dollars,NR,Nauru,1.8,0,1,2,2.9,2,4.9
2019,2019.03,6,dollars,NZ,New Zealand,0,186,0,0,0,186,186
2019,2019.03,6,dollars,OM,Oman,91.9,6.1,12.4,1.2,104.3,7.3,111.6
2019,2019.03,6,dollars,PA,Panama,52.8,2.4,1.4,0.7,54.3,3.1,57.4
2019,2019.03,6,dollars,PE,Peru,164.8,49.9,8.1,7.4,172.9,57.3,230.2
2019,2019.03,6,dollars,PF,French Polynesia,175.1,3,94.8,30.7,270,33.7,303.6
2019,2019.03,6,dollars,PG,Papua New Guinea,171.1,18.2,24.6,26.4,195.7,44.6,240.2
2019,2019.03,6,dollars,PH,Philippines,831.3,131.9,253.6,163.4,1084.9,295.3,1380.2
2019,2019.03,6,dollars,PK,Pakistan,74.2,67.9,11,7.2,85.2,75.1,160.3
2019,2019.03,6,dollars,PL,Poland,72.4,185.6,27.3,9,99.7,194.6,294.3
2019,2019.03,6,dollars,PM,St Pierre and Miquelon,0,0,0,0,0,0,0
2019,2019.03,6,dollars,PN,Pitcairn,1.1,0.1,0,0.1,1.1,0.1,1.2
2019,2019.03,6,dollars,PR,Puerto Rico,1.3,11.9,0.7,0.1,2,11.9,13.9
2019,2019.03,6,dollars,PT,Portugal,39,53.1,9.4,6.5,48.4,59.6,108
2019,2019.03,6,dollars,PW,Palau,2,0.1,0.7,0.3,2.7,0.4,3.1
2019,2019.03,6,dollars,PY,Paraguay,4.3,0.7,1,0.1,5.3,0.8,6.1
2019,2019.03,6,dollars,QA,Qatar,46.4,76.5,9.5,1.4,56,77.9,133.8
2019,2019.03,6,dollars,RE,Reunion,11.1,0,1.1,0.2,12.2,0.2,12.4
2019,2019.03,6,dollars,RO,Romania,8.8,62.1,6.4,2.8,15.2,64.9,80.1
2019,2019.03,6,dollars,RS,Serbia,2.3,4.7,0.2,0,2.5,4.7,7.1
2019,2019.03,6,dollars,RU,Russia,207.4,381.8,59.2,14.6,266.6,396.3,662.9
2019,2019.03,6,dollars,RW,Rwanda,0.1,0.8,1.1,0.8,1.2,1.6,2.7
2019,2019.03,6,dollars,SA,Saudi Arabia,640.8,487.6,83.6,8.6,724.4,496.1,1220.6
2019,2019.03,6,dollars,SB,Solomon Islands,30.2,8.1,16.4,10.8,46.6,18.9,65.6
2019,2019.03,6,dollars,SC,Seychelles,2.2,0.1,0.5,0.5,2.7,0.6,3.3
2019,2019.03,6,dollars,SD,Sudan,41.8,0,0.9,0.2,42.7,0.2,42.9
2019,2019.03,6,dollars,SE,Sweden,82.9,369.3,65.3,13.1,148.2,382.4,530.6
2019,2019.03,6,dollars,SG,Singapore,1170,2007.7,465.2,1734.2,1635.1,3741.9,5377
2019,2019.03,6,dollars,SH,St Helena,0,0,0,0,0,0.1,0.1
2019,2019.03,6,dollars,SI,Slovenia,2,37.5,3.4,30.3,5.4,67.8,73.2
2019,2019.03,6,dollars,SK,Slovakia,8.6,83.1,6.2,1.4,14.7,84.5,99.3
2019,2019.03,6,dollars,SL,Sierra Leone,6.2,0.3,0.6,0.8,6.8,1,7.8
2019,2019.03,6,dollars,SM,San Marino,0,0,0,0,0,0,0
2019,2019.03,6,dollars,SN,Senegal,13.3,0.1,0.1,0.3,13.5,0.4,13.9
2019,2019.03,6,dollars,SO,Somalia,7.7,0.1,0.2,0.3,7.9,0.4,8.3
2019,2019.03,6,dollars,SR,Suriname,0.2,0.6,0,0,0.3,0.6,0.8
2019,2019.03,6,dollars,SS,South Sudan,0,0,0.1,0,0.1,0,0.1
2019,2019.03,6,dollars,ST,Sao Tome and Principe,0,0.9,0,0,0,0.9,0.9
2019,2019.03,6,dollars,SV,El Salvador,23.5,8.5,0.1,0.1,23.7,8.6,32.3
2019,2019.03,6,dollars,SX,St Maarten (Dutch part),1.1,0,0,0,1.1,0,1.1
2019,2019.03,6,dollars,SY,Syria,22.3,0,0.4,0.2,22.7,0.2,22.9
2019,2019.03,6,dollars,SZ,Eswatini,0,0.4,1.7,0.2,1.7,0.6,2.4
2019,2019.03,6,dollars,TC,Turks and Caicos Islands,0.2,0,0.2,0,0.5,0,0.5
2019,2019.03,6,dollars,TD,Chad,0,0,0.2,0,0.2,0,0.2
2019,2019.03,6,dollars,TF,French Southern Territories,0,0,0,0,0,0,0
2019,2019.03,6,dollars,TG,Togo,3.9,0.1,0.1,0.1,4,0.2,4.2
2019,2019.03,6,dollars,TH,Thailand,997.6,2631.1,278.3,207.2,1276,2838.2,4114.2
2019,2019.03,6,dollars,TJ,Tajikistan,0,0,0.1,0,0.1,0,0.1
2019,2019.03,6,dollars,TK,Tokelau,0,0.1,1.5,0.5,1.5,0.6,2.2
2019,2019.03,6,dollars,TL,Timor-Leste,4.5,0.5,2.4,3.9,6.9,4.4,11.3
2019,2019.03,6,dollars,TM,Turkmenistan,0,0,0,0,0,0,0.1
2019,2019.03,6,dollars,TN,Tunisia,5.1,12,0.4,0.1,5.5,12.1,17.5
2019,2019.03,6,dollars,TO,Tonga,79.5,2.1,91.7,69.4,171.2,71.5,242.7
2019,2019.03,6,dollars,TR,Turkey,66.6,209,8.6,9.2,75.3,218.1,293.4
2019,2019.03,6,dollars,TT,Trinidad and Tobago,67.3,1.2,1.2,0.6,68.5,1.8,70.3
2019,2019.03,6,dollars,TV,Tuvalu,2.8,0,4.2,1.4,7,1.4,8.4
2019,2019.03,6,dollars,TW,Taiwan,1218.5,862.3,260.9,67.4,1479.4,929.6,2409.1
2019,2019.03,6,dollars,TZ,Tanzania,8.2,5.4,1.7,2.3,9.9,7.7,17.6
2019,2019.03,6,dollars,UA,Ukraine,15.4,15.4,7.9,12.1,23.3,27.4,50.8
2019,2019.03,6,dollars,UG,Uganda,0.5,0.7,0.6,1.1,1.1,1.8,2.8
2019,2019.03,6,dollars,UM,United States Minor Outlying Islands,0,0.1,0.9,0,0.9,0.1,0.9
2019,2019.03,6,dollars,US,United States of America,5534.7,6116.3,3520.3,3235.7,9055,9352,18407
2019,2019.03,6,dollars,UY,Uruguay,16.8,8.2,10.5,1.6,27.3,9.7,37
2019,2019.03,6,dollars,UZ,Uzbekistan,0.8,0,0.8,0.5,1.6,0.5,2.2
2019,2019.03,6,dollars,VA,Vatican City State,0,0,0,0,0,0,0
2019,2019.03,6,dollars,VC,St Vincent and the Grenadines,9.6,0,0.1,0.1,9.7,0.1,9.8
2019,2019.03,6,dollars,VE,Venezuela,0.1,0.3,1.2,0.8,1.4,1,2.4
2019,2019.03,6,dollars,VG,"Virgin Islands, British",8.8,0.1,0.3,0.9,9.1,0.9,10
2019,2019.03,6,dollars,VI,"Virgin Islands, United States",0.9,0.1,0,0.2,1,0.3,1.2
2019,2019.03,6,dollars,VN,Viet Nam,696.1,928.8,146.8,79.3,842.8,1008.1,1851
2019,2019.03,6,dollars,VU,Vanuatu,47.3,0.6,37.4,53.1,84.7,53.7,138.4
2019,2019.03,6,dollars,WF,Wallis and Futuna,5.9,0,0.6,0,6.5,0,6.5
2019,2019.03,6,dollars,WS,Samoa,114.2,7.8,117.7,156.1,231.9,163.9,395.8
2019,2019.03,6,dollars,YE,Yemen,35.9,0,0.3,0,36.1,0.1,36.2
2019,2019.03,6,dollars,YT,Mayotte,0.9,0,0,0,0.9,0,0.9
2019,2019.03,6,dollars,ZA,South Africa,189.7,155.2,115.1,50.6,304.8,205.8,510.6
2019,2019.03,6,dollars,ZM,Zambia,1.2,0.2,1.1,1.1,2.4,1.3,3.6
2019,2019.03,6,dollars,ZW,Zimbabwe,0.4,2.9,2.9,2.5,3.3,5.3,8.6
2020,2020.03,6,dollars,AD,Andorra,0.0,0.0,0.3,0.0,0.4,0.1,0.4
2020,2020.03,6,dollars,AE,United Arab Emirates,872.3,2648.9,135.4,272.6,1007.7,2921.5,3929.2
2020,2020.03,6,dollars,AF,Afghanistan,1.0,0.1,1.5,5.2,2.5,5.3,7.8
2020,2020.03,6,dollars,AG,Antigua and Barbuda,2.4,0.1,0.4,0.2,2.8,0.3,3.2
2020,2020.03,6,dollars,AI,Anguilla,0.1,0.0,0.0,0.1,0.1,0.1,0.2
2020,2020.03,6,dollars,AL,Albania,0.3,0.6,0.3,0.3,0.6,0.9,1.5
2020,2020.03,6,dollars,AM,Armenia,0.4,0.3,0.3,0.2,0.7,0.5,1.2
2020,2020.03,6,dollars,AO,Angola,4.3,0.0,0.2,0.1,4.5,0.1,4.6
2020,2020.03,6,dollars,AQ,Antarctica,0.3,0.0,0.2,0.9,0.4,0.9,1.3
2020,2020.03,6,dollars,AR,Argentina,20.9,247.5,100.1,29.3,121.0,276.9,397.8
2020,2020.03,6,dollars,AS,"Samoa, American",25.6,0.5,5.9,2.2,31.5,2.7,34.2
2020,2020.03,6,dollars,AT,Austria,27.4,324.5,41.6,78.5,69.0,403.0,471.9
2020,2020.03,6,dollars,AU,Australia,8694.2,7080.7,5472.3,5994.2,14166.6,13074.9,27241.5
2020,2020.03,6,dollars,AW,Aruba,1.7,0.0,0.8,0.2,2.5,0.2,2.7
2020,2020.03,6,dollars,AZ,Azerbaijan,21.6,0.1,0.6,0.2,22.2,0.3,22.5
2020,2020.03,6,dollars,BA,Bosnia and Herzegovina,0.1,3.8,0.2,0.3,0.2,4.1,4.3
2020,2020.03,6,dollars,BB,Barbados,31.1,1.4,2.9,4.1,34.1,5.4,39.5
2020,2020.03,6,dollars,BD,Bangladesh,403.1,169.9,15.3,3.9,418.4,173.8,592.3
2020,2020.03,6,dollars,BE,Belgium,213.5,427.7,44.4,83.6,257.9,511.3,769.2
2020,2020.03,6,dollars,BF,Burkina Faso,0.7,0.0,0.1,0.2,0.8,0.2,0.9
2020,2020.03,6,dollars,BG,Bulgaria,22.4,19.3,3.8,1.2,26.2,20.6,46.8
2020,2020.03,6,dollars,BH,Bahrain,38.2,9.7,4.1,1.9,42.3,11.6,53.9
2020,2020.03,6,dollars,BI,Burundi,0.0,0.2,0.3,0.0,0.3,0.3,0.6
2020,2020.03,6,dollars,BJ,Benin,1.3,0.0,0.1,0.0,1.4,0.0,1.4
2020,2020.03,6,dollars,BM,Bermuda,4.6,0.0,7.6,209.9,12.2,209.9,222.1
2020,2020.03,6,dollars,BN,Brunei Darussalam,5.8,0.0,6.0,0.8,11.7,0.8,12.6
2020,2020.03,6,dollars,BO,Bolivia,0.6,8.8,1.0,0.4,1.6,9.2,10.8
2020,2020.03,6,dollars,BR,Brazil,82.4,179.2,207.5,23.9,289.9,203.0,492.9
2020,2020.03,6,dollars,BS,Bahamas,2.4,0.0,4.3,2.0,6.6,2.0,8.6
2020,2020.03,6,dollars,BT,Bhutan,0.2,0.0,0.9,0.4,1.1,0.4,1.5
2020,2020.03,6,dollars,BW,Botswana,0.1,0.0,1.0,1.2,1.0,1.3,2.3
2020,2020.03,6,dollars,BY,Belarus,2.7,29.5,1.3,0.3,4.0,29.8,33.8
2020,2020.03,6,dollars,BZ,Belize,0.8,0.2,0.0,0.1,0.8,0.4,1.2
2020,2020.03,6,dollars,CA,Canada,751.6,655.3,476.8,259.7,1228.4,915.1,2143.4
2020,2020.03,6,dollars,CC,Cocos (Keeling) Islands,0.0,0.1,0.0,0.0,0.0,0.1,0.1
2020,2020.03,6,dollars,CD,"Congo, the Democratic Republic of the",3.6,0.4,0.3,0.1,3.9,0.5,4.4
2020,2020.03,6,dollars,CF,Central African Republic,0.2,0.0,0.0,0.0,0.2,0.0,0.2
2020,2020.03,6,dollars,CG,Congo,2.6,0.1,0.1,0.1,2.7,0.1,2.8
2020,2020.03,6,dollars,CH,Switzerland,150.4,439.0,229.8,626.6,380.1,1065.6,1445.8
2020,2020.03,6,dollars,CI,Cote D'Ivoire,19.2,1.2,0.5,0.1,19.7,1.3,20.9
2020,2020.03,6,dollars,CK,Cook Islands,125.7,0.6,59.4,241.1,185.1,241.7,426.8
2020,2020.03,6,dollars,CL,Chile,136.8,114.2,91.9,52.7,228.8,166.9,395.7
2020,2020.03,6,dollars,CM,Cameroon,28.4,0.3,0.4,0.0,28.8,0.3,29.1
2020,2020.03,6,dollars,CN,"China, People's Republic of",16779.0,12212.3,3109.1,736.5,19888.1,12948.8,32836.9
2020,2020.03,6,dollars,CO,Colombia,15.9,26.0,64.1,5.1,80.0,31.1,111.1
2020,2020.03,6,dollars,CR,Costa Rica,15.1,17.7,2.7,2.4,17.8,20.1,37.9
2020,2020.03,6,dollars,CU,Cuba,81.5,1.2,1.2,1.4,82.8,2.5,85.3
2020,2020.03,6,dollars,CV,Cabo Verde,0.0,0.0,0.0,0.0,0.0,0.1,0.1
2020,2020.03,6,dollars,CW,Curacao,0.9,0.0,61.3,0.0,62.3,0.0,62.3
2020,2020.03,6,dollars,CX,Christmas Island,0.4,4.0,0.1,0.0,0.5,4.0,4.5
2020,2020.03,6,dollars,CY,Cyprus,14.8,5.5,1.9,3.4,16.7,8.9,25.6
2020,2020.03,6,dollars,CZ,Czechia,41.3,210.0,24.6,6.2,65.9,216.2,282.2
2020,2020.03,6,dollars,DE,Germany,875.2,3357.8,831.6,897.4,1706.8,4255.2,5962.0
2020,2020.03,6,dollars,DJ,Djibouti,1.3,0.5,0.0,0.0,1.3,0.5,1.8
2020,2020.03,6,dollars,DK,Denmark,114.9,222.3,241.7,425.8,356.7,648.1,1004.8
2020,2020.03,6,dollars,DM,Dominica,0.0,0.0,0.1,0.1,0.1,0.1,0.3
2020,2020.03,6,dollars,DO,Dominican Republic,22.2,17.2,2.6,1.5,24.9,18.7,43.6
2020,2020.03,6,dollars,DZ,Algeria,370.9,46.2,0.3,0.1,371.2,46.3,417.6
2020,2020.03,6,dollars,EC,Ecuador,7.9,64.6,9.9,1.8,17.8,66.4,84.2
2020,2020.03,6,dollars,EE,Estonia,6.1,16.4,2.7,0.6,8.9,17.1,25.9
2020,2020.03,6,dollars,EG,Egypt,276.8,8.6,4.5,8.8,281.3,17.4,298.7
2020,2020.03,6,dollars,ER,Eritrea,0.0,0.1,0.1,0.1,0.1,0.2,0.3
2020,2020.03,6,dollars,ES,Spain,151.7,473.9,77.2,38.7,228.9,512.6,741.5
2020,2020.03,6,dollars,ET,Ethiopia,1.5,6.6,1.2,6.4,2.7,12.9,15.6
2020,2020.03,6,dollars,FI,Finland,14.3,176.0,17.8,3.6,32.1,179.6,211.6
2020,2020.03,6,dollars,FJ,Fiji,432.8,56.4,189.1,398.5,621.9,455.0,1076.9
2020,2020.03,6,dollars,FK,Falkland Islands,0.7,0.0,0.2,0.1,0.9,0.1,1.0
2020,2020.03,6,dollars,FM,"Micronesia, Federated States of",5.1,0.0,0.9,0.3,6.0,0.3,6.4
2020,2020.03,6,dollars,FO,Faeroe Islands,4.6,0.4,0.2,0.0,4.8,0.4,5.2
2020,2020.03,6,dollars,FR,France,368.4,1142.3,285.0,110.9,653.4,1253.2,1906.7
2020,2020.03,6,dollars,GA,Gabon,1.3,1.3,0.4,0.3,1.7,1.6,3.3
2020,2020.03,6,dollars,GB,United Kingdom,1504.6,1701.1,1678.9,1058.0,3183.5,2759.0,5942.6
2020,2020.03,6,dollars,GD,Grenada,4.7,0.0,0.2,0.2,4.9,0.2,5.1
2020,2020.03,6,dollars,GE,Georgia,55.3,0.6,0.5,0.7,55.7,1.4,57.1
2020,2020.03,6,dollars,GF,French Guiana,0.9,0.0,0.1,0.0,0.9,0.0,1.0
2020,2020.03,6,dollars,GH,Ghana,40.4,15.6,2.4,0.9,42.8,16.5,59.3
2020,2020.03,6,dollars,GI,Gibraltar,0.7,0.0,0.3,0.0,1.0,0.0,1.0
2020,2020.03,6,dollars,GL,Greenland,0.0,0.0,0.1,0.2,0.1,0.2,0.3
2020,2020.03,6,dollars,GM,Gambia,1.2,0.0,0.1,0.2,1.4,0.2,1.5
2020,2020.03,6,dollars,GN,Guinea,0.5,0.4,0.5,0.2,1.0,0.6,1.6
2020,2020.03,6,dollars,GP,Guadeloupe,4.8,0.2,0.4,0.0,5.2,0.3,5.4
2020,2020.03,6,dollars,GQ,Equatorial Guinea,1.3,0.0,0.0,0.0,1.3,0.0,1.3
2020,2020.03,6,dollars,GR,Greece,62.0,48.5,5.7,18.8,67.7,67.3,135.0
2020,2020.03,6,dollars,GS,South Georgia and the South Sandwich Islands,0.0,0.0,0.0,2.1,0.0,2.1,2.1
2020,2020.03,6,dollars,GT,Guatemala,27.5,41.9,1.2,0.7,28.7,42.6,71.2
2020,2020.03,6,dollars,GU,Guam,10.2,0.0,1.2,0.4,11.4,0.4,11.8
2020,2020.03,6,dollars,GW,Guinea-Bissau,0.0,0.0,0.0,0.0,0.0,0.0,0.0
2020,2020.03,6,dollars,GY,Guyana,28.9,2.8,3.6,0.1,32.5,3.0,35.5
2020,2020.03,6,dollars,HK,Hong Kong (Special Administrative Region),1210.5,82.8,454.0,278.9,1664.6,361.6,2026.2
2020,2020.03,6,dollars,HN,Honduras,2.2,5.4,0.2,0.1,2.4,5.5,7.9
2020,2020.03,6,dollars,HR,Croatia,2.3,6.0,3.2,12.5,5.4,18.4,23.9
2020,2020.03,6,dollars,HT,Haiti,0.2,0.8,0.3,0.0,0.5,0.8,1.4
2020,2020.03,6,dollars,HU,Hungary,7.5,170.0,6.6,3.1,14.1,173.1,187.2
2020,2020.03,6,dollars,ID,Indonesia,1104.1,921.8,161.7,194.8,1265.8,1116.6,2382.4
2020,2020.03,6,dollars,IE,Ireland,66.4,253.3,104.3,181.3,170.7,434.6,605.2
2020,2020.03,6,dollars,IL,Israel,35.4,209.0,23.4,13.9,58.7,222.8,281.6
2020,2020.03,6,dollars,IN,India,677.1,764.4,1020.4,275.9,1697.5,1040.3,2737.8
2020,2020.03,6,dollars,IO,British Indian Ocean Territory,0.0,0.0,0.0,0.0,0.0,0.0,0.0
2020,2020.03,6,dollars,IQ,Iraq,4.1,0.0,2.3,1.9,6.4,1.9,8.3
2020,2020.03,6,dollars,IR,Iran,9.3,6.5,12.8,10.5,22.1,17.0,39.1
2020,2020.03,6,dollars,IS,Iceland,2.6,7.0,2.8,1.7,5.5,8.7,14.2
2020,2020.03,6,dollars,IT,Italy,299.8,1279.9,64.2,83.8,364.0,1363.8,1727.7
2020,2020.03,6,dollars,JM,Jamaica,41.9,8.3,0.7,0.4,42.6,8.7,51.3
2020,2020.03,6,dollars,JO,Jordan,103.7,2.6,2.5,1.8,106.1,4.4,110.5
2020,2020.03,6,dollars,JP,Japan,3622.3,3867.2,941.9,270.6,4564.2,4137.8,8702.0
2020,2020.03,6,dollars,KE,Kenya,7.9,3.5,5.7,2.9,13.5,6.3,19.9
2020,2020.03,6,dollars,KG,Kyrgyzstan,0.2,0.1,0.3,0.2,0.5,0.3,0.8
2020,2020.03,6,dollars,KH,Cambodia,17.3,39.0,26.7,15.8,44.0,54.8,98.8
2020,2020.03,6,dollars,KI,Kiribati,11.7,0.0,5.0,6.2,16.7,6.2,22.8
2020,2020.03,6,dollars,KM,Comoros,0.9,0.0,0.2,0.0,1.1,0.0,1.1
2020,2020.03,6,dollars,KN,St Kitts and Nevis,0.0,0.1,0.0,0.0,0.1,0.1,0.2
2020,2020.03,6,dollars,KR,"Korea, Republic of",1716.2,2465.5,572.8,125.0,2289.0,2590.5,4879.5
2020,2020.03,6,dollars,KW,Kuwait,85.9,9.4,6.7,1.8,92.6,11.2,103.8
2020,2020.03,6,dollars,KY,Cayman Islands,1.9,7.8,2.2,0.5,4.1,8.3,12.4
2020,2020.03,6,dollars,KZ,Kazakhstan,2.4,0.1,4.9,0.9,7.3,1.0,8.2
2020,2020.03,6,dollars,LA,Laos,1.1,3.9,7.4,2.9,8.4,6.7,15.2
2020,2020.03,6,dollars,LB,Lebanon,12.9,1.8,1.1,1.1,14.0,2.8,16.8
2020,2020.03,6,dollars,LC,St Lucia,5.1,0.0,0.4,0.1,5.5,0.1,5.6
2020,2020.03,6,dollars,LI,Liechtenstein,0.1,0.6,0.5,0.1,0.7,0.7,1.4
2020,2020.03,6,dollars,LK,Sri Lanka,445.1,62.6,86.6,22.9,531.7,85.5,617.1
2020,2020.03,6,dollars,LR,Liberia,0.8,0.1,1.5,0.2,2.3,0.2,2.5
2020,2020.03,6,dollars,LS,Lesotho,0.0,0.7,0.0,0.0,0.0,0.7,0.8
2020,2020.03,6,dollars,LT,Lithuania,16.1,28.7,2.5,0.7,18.6,29.4,48.1
2020,2020.03,6,dollars,LU,Luxembourg,1.0,6.9,4.2,2.2,5.2,9.0,14.2
2020,2020.03,6,dollars,LV,Latvia,16.6,16.0,2.1,0.5,18.7,16.5,35.2
2020,2020.03,6,dollars,LY,Libya,87.5,0.0,0.3,0.1,87.8,0.1,87.9
2020,2020.03,6,dollars,MA,Morocco,40.5,51.4,2.0,3.6,42.5,55.0,97.5
2020,2020.03,6,dollars,MC,Monaco,0.1,1.9,9.1,0.2,9.2,2.0,11.2
2020,2020.03,6,dollars,MD,Moldova,0.3,0.7,0.3,0.1,0.6,0.8,1.4
2020,2020.03,6,dollars,ME,Montenegro,0.4,0.2,0.1,0.2,0.5,0.4,0.9
2020,2020.03,6,dollars,MG,Madagascar,4.8,1.9,0.1,0.3,4.9,2.2,7.1
2020,2020.03,6,dollars,MH,Marshall Islands,8.0,0.0,0.4,0.3,8.4,0.3,8.7
2020,2020.03,6,dollars,MK,North Macedonia,0.0,0.8,0.8,0.6,0.9,1.4,2.3
2020,2020.03,6,dollars,ML,Mali,0.3,0.1,0.8,0.7,1.1,0.8,1.9
2020,2020.03,6,dollars,MM,Myanmar,55.9,7.9,9.9,4.6,65.9,12.5,78.3
2020,2020.03,6,dollars,MN,Mongolia,16.0,0.1,2.2,1.1,18.2,1.3,19.5
2020,2020.03,6,dollars,MO,Macau (Special Administrative Region),8.2,0.5,10.0,1.4,18.3,1.9,20.2
2020,2020.03,6,dollars,MP,Northern Mariana Islands,4.9,0.0,0.2,0.1,5.1,0.2,5.2
2020,2020.03,6,dollars,MQ,Martinique,4.0,0.1,0.1,0.0,4.0,0.1,4.1
2020,2020.03,6,dollars,MR,Mauritania,0.6,0.0,0.1,0.1,0.7,0.2,0.8
2020,2020.03,6,dollars,MS,Montserrat,0.0,0.0,0.0,0.0,0.0,0.0,0.0
2020,2020.03,6,dollars,MT,Malta,4.2,5.3,2.7,0.8,6.9,6.1,13.0
2020,2020.03,6,dollars,MU,Mauritius,81.7,11.0,4.9,3.5,86.6,14.5,101.1
2020,2020.03,6,dollars,MV,Maldives,37.3,0.0,2.1,3.0,39.4,3.0,42.4
2020,2020.03,6,dollars,MW,Malawi,0.0,0.5,0.6,0.3,0.7,0.8,1.5
2020,2020.03,6,dollars,MX,Mexico,364.2,452.0,43.4,26.4,407.6,478.4,886.0
2020,2020.03,6,dollars,MY,Malaysia,1125.7,1908.4,250.0,129.6,1375.7,2037.9,3413.6
2020,2020.03,6,dollars,MZ,Mozambique,2.4,0.3,0.5,0.2,2.9,0.5,3.4
2020,2020.03,6,dollars,NA,Namibia,0.8,1.2,1.1,1.5,1.9,2.7,4.6
2020,2020.03,6,dollars,NC,New Caledonia,129.8,2.0,72.6,37.7,202.4,39.7,242.1
2020,2020.03,6,dollars,NE,Niger,0.1,0.1,0.1,0.2,0.1,0.3,0.4
2020,2020.03,6,dollars,NF,Norfolk Island,8.1,0.0,1.2,2.9,9.3,2.9,12.2
2020,2020.03,6,dollars,NG,Nigeria,201.8,0.1,4.4,1.1,206.2,1.3,207.5
2020,2020.03,6,dollars,NI,Nicaragua,21.9,16.4,0.2,0.2,22.1,16.6,38.7
2020,2020.03,6,dollars,NL,Netherlands,750.5,576.5,152.2,238.9,902.7,815.4,1718.1
2020,2020.03,6,dollars,NO,Norway,52.1,143.4,41.5,7.7,93.7,151.2,244.9
2020,2020.03,6,dollars,NP,Nepal,14.0,1.4,62.7,9.3,76.7,10.7,87.4
2020,2020.03,6,dollars,NR,Nauru,2.1,3.7,0.9,1.4,3.0,5.2,8.2
2020,2020.03,6,dollars,NZ,New Zealand,0.0,190.7,0.0,0.0,0.0,190.7,190.7
2020,2020.03,6,dollars,OM,Oman,121.0,3.8,14.2,1.6,135.2,5.4,140.6
2020,2020.03,6,dollars,PA,Panama,41.8,0.5,1.5,0.5,43.3,0.9,44.3
2020,2020.03,6,dollars,PE,Peru,81.1,45.0,10.0,7.5,91.1,52.5,143.6
2020,2020.03,6,dollars,PF,French Polynesia,183.6,3.0,103.0,27.8,286.6,30.7,317.3
2020,2020.03,6,dollars,PG,Papua New Guinea,196.0,20.4,27.9,16.0,223.9,36.4,260.3
2020,2020.03,6,dollars,PH,Philippines,856.2,127.9,253.5,175.3,1109.7,303.2,1412.9
2020,2020.03,6,dollars,PK,Pakistan,61.2,76.6,13.7,7.9,74.9,84.5,159.4
2020,2020.03,6,dollars,PL,Poland,79.7,235.7,22.4,9.2,102.1,244.9,347.0
2020,2020.03,6,dollars,PM,St Pierre and Miquelon,0.0,0.0,0.0,0.0,0.0,0.0,0.0
2020,2020.03,6,dollars,PN,Pitcairn,2.7,0.0,0.1,0.2,2.8,0.2,3.0
2020,2020.03,6,dollars,PR,Puerto Rico,1.7,13.2,0.9,0.1,2.6,13.3,15.9
2020,2020.03,6,dollars,PT,Portugal,31.8,53.7,9.8,7.2,41.6,60.9,102.5
2020,2020.03,6,dollars,PW,Palau,2.3,0.0,0.5,0.3,2.8,0.3,3.1
2020,2020.03,6,dollars,PY,Paraguay,1.2,0.3,1.2,0.2,2.4,0.4,2.8
2020,2020.03,6,dollars,QA,Qatar,63.1,138.8,7.7,1.5,70.7,140.3,211.0
2020,2020.03,6,dollars,RE,Reunion,9.5,0.0,0.8,0.0,10.2,0.1,10.3
2020,2020.03,6,dollars,RO,Romania,11.8,60.9,6.7,3.4,18.6,64.2,82.8
2020,2020.03,6,dollars,RS,Serbia,3.5,6.0,1.5,1.6,4.9,7.6,12.5
2020,2020.03,6,dollars,RU,Russia,320.5,626.1,57.2,16.0,377.7,642.0,1019.7
2020,2020.03,6,dollars,RW,Rwanda,0.3,0.6,1.5,1.3,1.8,1.9,3.7
2020,2020.03,6,dollars,SA,Saudi Arabia,702.0,373.4,80.4,8.7,782.4,382.1,1164.5
2020,2020.03,6,dollars,SB,Solomon Islands,25.4,9.1,13.3,9.9,38.7,19.0,57.7
2020,2020.03,6,dollars,SC,Seychelles,2.4,0.0,0.5,0.2,2.9,0.2,3.2
2020,2020.03,6,dollars,SD,Sudan,57.8,0.0,0.7,0.5,58.5,0.5,59.0
2020,2020.03,6,dollars,SE,Sweden,84.9,361.5,55.0,13.3,139.9,374.8,514.7
2020,2020.03,6,dollars,SG,Singapore,1209.5,1824.1,549.8,2478.9,1759.4,4303.1,6062.4
2020,2020.03,6,dollars,SH,St Helena,0.0,0.1,0.0,0.0,0.1,0.1,0.2
2020,2020.03,6,dollars,SI,Slovenia,3.4,33.5,2.9,8.6,6.3,42.1,48.4
2020,2020.03,6,dollars,SK,Slovakia,8.5,112.9,4.8,1.3,13.3,114.1,127.4
2020,2020.03,6,dollars,SL,Sierra Leone,2.8,0.5,0.1,0.9,2.9,1.3,4.2
2020,2020.03,6,dollars,SM,San Marino,0.0,0.0,0.0,0.0,0.0,0.0,0.0
2020,2020.03,6,dollars,SN,Senegal,9.7,0.0,0.1,0.6,9.8,0.6,10.4
2020,2020.03,6,dollars,SO,Somalia,6.4,0.0,0.2,0.3,6.7,0.3,6.9
2020,2020.03,6,dollars,SR,Suriname,0.1,0.7,0.1,0.0,0.2,0.7,0.9
2020,2020.03,6,dollars,SS,South Sudan,0.0,0.0,0.2,0.1,0.2,0.1,0.3
2020,2020.03,6,dollars,ST,Sao Tome and Principe,0.0,1.8,0.0,0.0,0.0,1.8,1.8
2020,2020.03,6,dollars,SV,El Salvador,26.5,2.9,0.2,0.2,26.6,3.1,29.7
2020,2020.03,6,dollars,SX,St Maarten (Dutch part),1.3,0.0,0.1,0.0,1.4,0.0,1.4
2020,2020.03,6,dollars,SY,Syria,19.1,0.0,0.3,0.1,19.4,0.2,19.5
2020,2020.03,6,dollars,SZ,Eswatini,0.0,0.1,1.2,0.4,1.2,0.4,1.7
2020,2020.03,6,dollars,TC,Turks and Caicos Islands,0.4,0.0,0.1,0.1,0.5,0.1,0.6
2020,2020.03,6,dollars,TD,Chad,0.0,0.0,0.2,0.1,0.2,0.1,0.3
2020,2020.03,6,dollars,TF,French Southern Territories,0.0,0.0,0.0,0.0,0.0,0.0,0.0
2020,2020.03,6,dollars,TG,Togo,2.0,3.7,0.0,0.0,2.1,3.8,5.8
2020,2020.03,6,dollars,TH,Thailand,985.4,2634.1,251.2,215.7,1236.6,2849.8,4086.4
2020,2020.03,6,dollars,TJ,Tajikistan,0.0,0.0,0.0,0.1,0.0,0.1,0.1
2020,2020.03,6,dollars,TK,Tokelau,0.0,1.8,1.1,0.9,1.1,2.7,3.8
2020,2020.03,6,dollars,TL,Timor-Leste,4.6,0.5,3.1,4.4,7.7,4.9,12.6
2020,2020.03,6,dollars,TM,Turkmenistan,0.0,0.0,0.1,0.0,0.1,0.0,0.1
2020,2020.03,6,dollars,TN,Tunisia,5.2,12.8,0.3,0.2,5.4,13.0,18.4
2020,2020.03,6,dollars,TO,Tonga,73.4,2.6,88.4,66.7,161.7,69.3,231.0
2020,2020.03,6,dollars,TR,Turkey,107.6,208.4,5.8,11.1,113.4,219.5,332.8
2020,2020.03,6,dollars,TT,Trinidad and Tobago,75.9,1.4,1.0,0.8,76.9,2.2,79.0
2020,2020.03,6,dollars,TV,Tuvalu,6.3,0.1,4.4,1.0,10.7,1.1,11.8
2020,2020.03,6,dollars,TW,Taiwan,1232.6,854.6,282.4,80.7,1515.0,935.4,2450.4
2020,2020.03,6,dollars,TZ,Tanzania,4.0,0.9,1.3,2.7,5.4,3.6,8.9
2020,2020.03,6,dollars,UA,Ukraine,19.1,26.2,5.7,2.3,24.8,28.5,53.3
2020,2020.03,6,dollars,UG,Uganda,0.5,0.4,0.6,0.9,1.1,1.4,2.5
2020,2020.03,6,dollars,UM,United States Minor Outlying Islands,0.0,0.1,0.0,0.0,0.0,0.1,0.1
2020,2020.03,6,dollars,US,United States of America,5858.6,6230.1,4014.7,3241.3,9873.3,9471.5,19344.8
2020,2020.03,6,dollars,UY,Uruguay,16.4,6.9,8.7,1.5,25.1,8.4,33.5
2020,2020.03,6,dollars,UZ,Uzbekistan,0.2,0.1,0.8,0.4,1.0,0.5,1.5
2020,2020.03,6,dollars,VA,Vatican City State,0.0,0.0,0.0,0.0,0.0,0.0,0.0
2020,2020.03,6,dollars,VC,St Vincent and the Grenadines,1.7,0.0,0.1,0.1,1.7,0.1,1.9
2020,2020.03,6,dollars,VE,Venezuela,0.0,0.3,1.2,1.0,1.2,1.3,2.5
2020,2020.03,6,dollars,VG,"Virgin Islands, British",0.3,0.0,0.4,0.6,0.7,0.6,1.4
2020,2020.03,6,dollars,VI,"Virgin Islands, United States",0.9,0.1,0.1,0.2,1.0,0.4,1.4
2020,2020.03,6,dollars,VN,Viet Nam,810.3,1008.2,157.7,74.6,968.0,1082.8,2050.8
2020,2020.03,6,dollars,VU,Vanuatu,48.7,0.9,37.8,50.3,86.5,51.2,137.7
2020,2020.03,6,dollars,WF,Wallis and Futuna,6.7,0.0,0.4,0.0,7.1,0.0,7.2
2020,2020.03,6,dollars,WS,Samoa,123.9,7.9,113.1,144.7,236.9,152.6,389.5
2020,2020.03,6,dollars,YE,Yemen,38.7,0.0,0.3,0.0,39.0,0.0,39.0
2020,2020.03,6,dollars,YT,Mayotte,0.4,0.0,0.0,0.0,0.4,0.0,0.4
2020,2020.03,6,dollars,ZA,South Africa,162.1,146.0,138.4,63.4,300.5,209.4,509.9
2020,2020.03,6,dollars,ZM,Zambia,0.3,0.2,1.1,0.7,1.3,0.9,2.2
2020,2020.03,6,dollars,ZW,Zimbabwe,0.4,3.3,3.2,2.3,3.6,5.6,9.1
