Year,Time_ref,MAGNITUDE,UNITS,country_code,country_name,Goods_Exports,Goods_Imports,Services_Exports,Services_Imports,Total_exports,Total_imports,Two_way_trade
2013,2013.12,6,dollars,AD,Andorra,0.0,0.0,0.2,0.0,0.2,0.0,0.2
2013,2013.12,6,dollars,AE,United Arab Emirates,656.4,992.7,101.8,188.1,758.2,1180.9,1939.0
2013,2013.12,6,dollars,AF,Afghanistan,0.9,0.4,0.8,5.8,1.7,6.1,7.9
2013,2013.12,6,dollars,AG,Antigua and Barbuda,1.1,0.0,0.2,0.1,1.2,0.1,1.3
2013,2013.12,6,dollars,AI,Anguilla,0.0,0.1,0.0,0.0,0.0,0.1,0.1
2013,2013.12,6,dollars,AL,Albania,0.4,0.1,0.0,0.0,0.4,0.1,0.5
2013,2013.12,6,dollars,AM,Armenia,19.8,0.1,0.3,0.0,20.2,0.1,20.2
2013,2013.12,6,dollars,AN,Curacao,0.4,0.0,0.0,0.0,0.4,0.0,0.4
2013,2013.12,6,dollars,AO,Angola,41.6,0.0,0.5,0.6,42.1,0.6,42.7
2013,2013.12,6,dollars,AQ,Antarctica,0.5,0.4,0.9,0.3,1.4,0.7,2.1
2013,2013.12,6,dollars,AR,Argentina,19.1,156.3,31.3,13.3,50.3,169.6,219.9
2013,2013.12,6,dollars,AS,"Samoa, American",24.6,1.6,5.9,2.7,30.4,4.3,34.7
2013,2013.12,6,dollars,AT,Austria,18.8,179.4,19.0,29.9,37.9,209.3,247.2
2013,2013.12,6,dollars,AU,Australia,9124.7,6135.6,4274.9,5047.2,13399.6,11182.8,24582.4
2013,2013.12,6,dollars,AW,Aruba,0.9,0.0,0.0,0.1,0.9,0.1,1.0
2013,2013.12,6,dollars,AZ,Azerbaijan,64.8,0.2,0.2,0.2,65.0,0.4,65.4
2013,2013.12,6,dollars,BA,Bosnia and Herzegovina,0.0,0.4,0.2,0.3,0.2,0.7,0.9
2013,2013.12,6,dollars,BB,Barbados,27.6,0.3,0.5,3.1,28.2,3.4,31.6
2013,2013.12,6,dollars,BD,Bangladesh,114.4,54.5,1.8,2.2,116.2,56.7,172.8
2013,2013.12,6,dollars,BE,Belgium,392.5,298.9,28.5,34.3,421.1,333.1,754.2
2013,2013.12,6,dollars,BF,Burkina Faso,1.6,0.0,0.0,0.0,1.7,0.0,1.7
2013,2013.12,6,dollars,BG,Bulgaria,6.3,8.2,1.3,0.9,7.5,9.0,16.6
2013,2013.12,6,dollars,BH,Bahrain,44.1,7.5,1.2,0.5,45.3,8.0,53.4
2013,2013.12,6,dollars,BI,Burundi,0.0,0.1,0.0,0.1,0.0,0.2,0.2
2013,2013.12,6,dollars,BJ,Benin,0.8,0.0,0.0,0.0,0.8,0.0,0.8
2013,2013.12,6,dollars,BM,Bermuda,4.5,0.0,7.0,40.6,11.5,40.6,52.1
2013,2013.12,6,dollars,BN,Brunei Darussalam,7.0,584.6,6.6,13.7,13.6,598.3,611.9
2013,2013.12,6,dollars,BO,Bolivia,1.8,2.5,0.3,0.6,2.1,3.1,5.2
2013,2013.12,6,dollars,BR,Brazil,202.5,96.0,107.2,14.2,309.7,110.2,419.9
2013,2013.12,6,dollars,BS,Bahamas,2.6,0.0,0.6,0.3,3.2,0.3,3.5
2013,2013.12,6,dollars,BT,Bhutan,0.1,0.0,0.0,0.2,0.1,0.2,0.3
2013,2013.12,6,dollars,BW,Botswana,0.2,0.0,0.3,1.0,0.5,1.0,1.5
2013,2013.12,6,dollars,BY,Belarus,1.0,12.8,0.4,0.2,1.4,13.0,14.4
2013,2013.12,6,dollars,BZ,Belize,0.5,0.2,0.7,0.2,1.2,0.5,1.7
2013,2013.12,6,dollars,CA,Canada,526.8,532.8,303.6,109.1,830.4,641.9,1472.3
2013,2013.12,6,dollars,CC,Cocos (Keeling) Islands,0.0,0.0,0.0,0.0,0.0,0.0,0.0
2013,2013.12,6,dollars,CD,"Congo, the Democratic Republic of the",8.9,0.3,0.6,0.0,9.4,0.3,9.8
2013,2013.12,6,dollars,CF,Central African Republic,0.2,0.0,0.2,0.0,0.4,0.0,0.4
2013,2013.12,6,dollars,CG,Congo,3.2,0.0,1.5,0.5,4.6,0.5,5.1
2013,2013.12,6,dollars,CH,Switzerland,86.9,304.4,181.2,225.5,268.1,529.8,798.0
2013,2013.12,6,dollars,CI,Cote D'Ivoire,4.0,0.0,0.1,0.1,4.0,0.1,4.1
2013,2013.12,6,dollars,CK,Cook Islands,96.8,0.4,32.5,163.4,129.3,163.8,293.1
2013,2013.12,6,dollars,CL,Chile,149.5,51.4,37.1,9.7,186.6,61.0,247.6
2013,2013.12,6,dollars,CM,Cameroon,24.8,1.5,0.0,0.0,24.8,1.5,26.4
2013,2013.12,6,dollars,CN,"China, People's Republic of",9965.2,7860.2,1525.7,438.8,11490.9,8299.0,19789.9
2013,2013.12,6,dollars,CO,Colombia,13.2,16.1,24.6,1.7,37.8,17.8,55.7
2013,2013.12,6,dollars,CR,Costa Rica,5.1,14.3,1.4,0.7,6.5,15.0,21.5
2013,2013.12,6,dollars,CU,Cuba,63.1,0.9,1.1,1.2,64.3,2.1,66.4
2013,2013.12,6,dollars,CV,Cabo Verde,0.0,0.0,0.1,0.0,0.1,0.0,0.1
2013,2013.12,6,dollars,CW,Curacao,0.0,0.0,0.0,0.1,0.0,0.1,0.1
2013,2013.12,6,dollars,CX,Christmas Island,0.0,0.0,0.0,0.0,0.0,0.1,0.1
2013,2013.12,6,dollars,CY,Cyprus,11.4,1.5,1.3,1.7,12.7,3.3,16.0
2013,2013.12,6,dollars,CZ,Czechia,11.1,75.0,11.0,2.9,22.0,77.9,100.0
2013,2013.12,6,dollars,DE,Germany,736.6,2113.2,432.3,350.4,1168.9,2463.6,3632.5
2013,2013.12,6,dollars,DJ,Djibouti,3.2,0.0,0.0,0.0,3.2,0.0,3.3
2013,2013.12,6,dollars,DK,Denmark,81.8,173.7,141.6,634.0,223.4,807.7,1031.1
2013,2013.12,6,dollars,DM,Dominica,0.1,0.0,0.0,0.0,0.1,0.0,0.1
2013,2013.12,6,dollars,DO,Dominican Republic,11.2,6.7,1.2,0.6,12.4,7.2,19.6
2013,2013.12,6,dollars,DZ,Algeria,290.9,0.0,0.0,0.4,290.9,0.4,291.4
2013,2013.12,6,dollars,EC,Ecuador,4.4,22.5,3.6,1.1,7.9,23.6,31.5
2013,2013.12,6,dollars,EE,Estonia,3.3,3.1,1.0,0.3,4.2,3.4,7.6
2013,2013.12,6,dollars,EG,Egypt,357.2,6.0,2.2,4.4,359.4,10.3,369.7
2013,2013.12,6,dollars,ER,Eritrea,0.2,0.0,0.0,0.0,0.2,0.0,0.3
2013,2013.12,6,dollars,ES,Spain,164.8,319.1,50.3,20.3,215.1,339.4,554.5
2013,2013.12,6,dollars,ET,Ethiopia,0.2,5.0,0.3,3.4,0.5,8.4,8.9
2013,2013.12,6,dollars,FI,Finland,21.9,136.4,12.0,3.8,33.9,140.2,174.1
2013,2013.12,6,dollars,FJ,Fiji,403.4,56.1,128.5,265.2,532.0,321.3,853.3
2013,2013.12,6,dollars,FK,Falkland Islands,0.2,0.1,0.1,0.1,0.4,0.2,0.6
2013,2013.12,6,dollars,FM,"Micronesia, Federated States of",1.5,0.3,1.6,0.2,3.1,0.6,3.7
2013,2013.12,6,dollars,FO,Faeroe Islands,4.3,0.0,0.2,0.0,4.5,0.0,4.6
2013,2013.12,6,dollars,FR,France,334.7,1185.1,325.1,194.3,659.8,1379.4,2039.2
2013,2013.12,6,dollars,GA,Gabon,2.6,1.8,0.5,0.1,3.1,1.9,5.0
2013,2013.12,6,dollars,GB,United Kingdom,1397.2,1159.2,1039.0,870.7,2436.2,2029.9,4466.0
2013,2013.12,6,dollars,GD,Grenada,2.9,0.1,0.0,0.2,2.9,0.3,3.2
2013,2013.12,6,dollars,GE,Georgia,29.5,0.3,0.4,0.2,29.9,0.6,30.4
2013,2013.12,6,dollars,GF,French Guiana,0.3,0.2,0.0,0.0,0.3,0.2,0.5
2013,2013.12,6,dollars,GH,Ghana,60.1,4.9,1.6,0.4,61.7,5.3,67.0
2013,2013.12,6,dollars,GI,Gibraltar,1.4,0.0,1.2,0.6,2.6,0.6,3.2
2013,2013.12,6,dollars,GL,Greenland,0.0,0.0,0.0,0.1,0.0,0.1,0.1
2013,2013.12,6,dollars,GM,Gambia,0.1,0.0,0.0,0.1,0.2,0.1,0.3
2013,2013.12,6,dollars,GN,Guinea,1.3,0.2,0.1,0.0,1.3,0.3,1.6
2013,2013.12,6,dollars,GP,Guadeloupe,6.1,0.4,0.1,0.0,6.2,0.4,6.6
2013,2013.12,6,dollars,GQ,Equatorial Guinea,3.5,0.0,0.1,0.0,3.6,0.0,3.6
2013,2013.12,6,dollars,GR,Greece,46.4,27.3,3.1,11.3,49.5,38.6,88.1
2013,2013.12,6,dollars,GS,South Georgia and the South Sandwich Islands,0.0,0.0,0.0,11.9,0.0,11.9,11.9
2013,2013.12,6,dollars,GT,Guatemala,22.1,17.8,0.4,0.3,22.5,18.1,40.7
2013,2013.12,6,dollars,GU,Guam,8.1,0.0,0.5,0.2,8.6,0.3,8.9
2013,2013.12,6,dollars,GW,Guinea-Bissau,0.0,0.0,0.0,0.0,0.0,0.0,0.0
2013,2013.12,6,dollars,GY,Guyana,19.5,1.6,0.0,0.1,19.5,1.7,21.1
2013,2013.12,6,dollars,HK,Hong Kong (Special Administrative Region),769.7,135.7,297.7,268.8,1067.4,404.5,1472.0
2013,2013.12,6,dollars,HN,Honduras,0.9,3.5,0.0,0.0,0.9,3.6,4.5
2013,2013.12,6,dollars,HR,Croatia,4.2,2.3,1.2,4.6,5.4,6.9,12.3
2013,2013.12,6,dollars,HT,Haiti,0.2,0.8,0.1,0.0,0.3,0.8,1.2
2013,2013.12,6,dollars,HU,Hungary,5.0,53.4,3.9,2.0,8.8,55.5,64.3
2013,2013.12,6,dollars,ID,Indonesia,885.6,805.2,79.7,65.8,965.3,871.0,1836.2
2013,2013.12,6,dollars,IE,Ireland,57.4,180.7,41.0,129.7,98.4,310.4,408.8
2013,2013.12,6,dollars,IL,Israel,20.0,101.3,14.4,10.2,34.4,111.6,146.0
2013,2013.12,6,dollars,IN,India,668.6,400.4,407.1,142.1,1075.8,542.4,1618.2
2013,2013.12,6,dollars,IO,British Indian Ocean Territory,0.0,0.0,0.0,0.0,0.0,0.0,0.0
2013,2013.12,6,dollars,IQ,Iraq,4.5,0.1,1.0,1.6,5.5,1.7,7.2
2013,2013.12,6,dollars,IR,Iran,173.2,2.5,6.1,5.4,179.3,7.9,187.2
2013,2013.12,6,dollars,IS,Iceland,1.3,12.0,2.4,0.5,3.7,12.5,16.2
2013,2013.12,6,dollars,IT,Italy,391.6,831.2,54.4,65.8,446.0,896.9,1342.9
2013,2013.12,6,dollars,JM,Jamaica,32.5,4.8,1.1,0.2,33.6,5.0,38.6
2013,2013.12,6,dollars,JO,Jordan,56.5,1.2,1.3,1.3,57.9,2.5,60.3
2013,2013.12,6,dollars,JP,Japan,2829.2,2845.9,738.3,149.5,3567.5,2995.4,6562.9
2013,2013.12,6,dollars,KE,Kenya,9.5,4.4,1.6,2.1,11.1,6.5,17.6
2013,2013.12,6,dollars,KG,Kyrgyzstan,0.0,0.0,0.2,0.1,0.2,0.2,0.4
2013,2013.12,6,dollars,KH,Cambodia,5.9,9.3,9.3,10.4,15.2,19.8,35.0
2013,2013.12,6,dollars,KI,Kiribati,7.4,0.1,3.9,3.9,11.3,3.9,15.2
2013,2013.12,6,dollars,KM,Comoros,0.0,0.0,0.0,0.0,0.0,0.0,0.0
2013,2013.12,6,dollars,KN,St Kitts and Nevis,0.1,0.0,0.7,0.0,0.8,0.0,0.8
2013,2013.12,6,dollars,KR,"Korea, Republic of",1632.8,1870.6,462.5,158.5,2095.3,2029.2,4124.5
2013,2013.12,6,dollars,KW,Kuwait,73.4,423.0,9.6,1.4,83.0,424.4,507.3
2013,2013.12,6,dollars,KY,Cayman Islands,0.6,0.3,2.5,0.3,3.1,0.6,3.7
2013,2013.12,6,dollars,KZ,Kazakhstan,1.4,0.9,0.7,0.5,2.1,1.4,3.5
2013,2013.12,6,dollars,LA,Laos,1.2,2.0,1.3,1.7,2.6,3.8,6.4
2013,2013.12,6,dollars,LB,Lebanon,11.8,0.9,0.4,0.4,12.2,1.3,13.5
2013,2013.12,6,dollars,LC,St Lucia,4.2,0.0,0.0,0.1,4.2,0.1,4.3
2013,2013.12,6,dollars,LI,Liechtenstein,0.0,0.1,0.4,0.7,0.4,0.8,1.2
2013,2013.12,6,dollars,LK,Sri Lanka,236.4,45.3,29.1,11.5,265.6,56.8,322.4
2013,2013.12,6,dollars,LR,Liberia,0.2,0.0,0.1,0.1,0.3,0.1,0.3
2013,2013.12,6,dollars,LS,Lesotho,0.0,0.0,0.0,0.1,0.0,0.1,0.1
2013,2013.12,6,dollars,LT,Lithuania,15.8,4.5,1.1,0.2,16.9,4.7,21.6
2013,2013.12,6,dollars,LU,Luxembourg,1.1,6.2,1.8,0.8,2.9,7.0,9.9
2013,2013.12,6,dollars,LV,Latvia,8.0,3.4,0.9,0.1,8.9,3.5,12.4
2013,2013.12,6,dollars,LY,Libya,73.8,0.0,0.5,0.0,74.3,0.0,74.3
2013,2013.12,6,dollars,MA,Morocco,65.0,85.0,1.6,1.5,66.5,86.5,153.0
2013,2013.12,6,dollars,MC,Monaco,0.0,0.1,83.6,0.4,83.6,0.5,84.1
2013,2013.12,6,dollars,MD,Moldova,0.6,0.1,0.1,0.1,0.6,0.2,0.9
2013,2013.12,6,dollars,ME,Montenegro,0.1,0.0,0.0,0.0,0.1,0.0,0.1
2013,2013.12,6,dollars,MG,Madagascar,0.5,0.6,0.0,0.2,0.6,0.7,1.3
2013,2013.12,6,dollars,MH,Marshall Islands,3.7,1.4,0.7,0.3,4.4,1.7,6.1
2013,2013.12,6,dollars,MK,Former Yugoslav Republic of Macedonia (FYROM),0.0,0.8,0.1,0.6,0.1,1.4,1.5
2013,2013.12,6,dollars,ML,Mali,6.2,0.0,0.2,0.4,6.3,0.4,6.7
2013,2013.12,6,dollars,MM,Myanmar,20.0,1.2,1.0,1.9,21.0,3.1,24.1
2013,2013.12,6,dollars,MN,Mongolia,18.6,0.2,2.1,1.7,20.7,1.9,22.5
2013,2013.12,6,dollars,MO,Macau (Special Administrative Region),5.4,0.6,1.7,0.8,7.0,1.3,8.4
2013,2013.12,6,dollars,MP,Northern Mariana Islands,3.5,0.0,0.1,0.0,3.6,0.0,3.6
2013,2013.12,6,dollars,MQ,Martinique,4.2,0.0,0.1,0.0,4.3,0.0,4.3
2013,2013.12,6,dollars,MR,Mauritania,0.4,0.0,0.0,0.0,0.4,0.0,0.4
2013,2013.12,6,dollars,MS,Montserrat,0.0,0.0,0.0,0.0,0.0,0.0,0.0
2013,2013.12,6,dollars,MT,Malta,7.6,4.0,1.1,0.7,8.7,4.7,13.4
2013,2013.12,6,dollars,MU,Mauritius,73.2,1.3,1.0,1.4,74.2,2.7,76.9
2013,2013.12,6,dollars,MV,Maldives,15.8,0.0,0.3,1.4,16.1,1.4,17.5
2013,2013.12,6,dollars,MW,Malawi,0.3,0.8,0.3,0.4,0.7,1.2,1.8
2013,2013.12,6,dollars,MX,Mexico,297.8,248.3,19.8,16.1,317.6,264.4,581.9
2013,2013.12,6,dollars,MY,Malaysia,911.4,1943.1,162.0,168.2,1073.4,2111.3,3184.7
2013,2013.12,6,dollars,MZ,Mozambique,9.3,1.3,0.3,0.3,9.6,1.6,11.2
2013,2013.12,6,dollars,NA,Namibia,0.5,0.1,0.4,0.7,0.8,0.8,1.6
2013,2013.12,6,dollars,NC,New Caledonia,169.9,1.6,53.8,23.1,223.7,24.7,248.4
2013,2013.12,6,dollars,NE,Niger,0.2,2.3,0.3,0.1,0.5,2.4,2.8
2013,2013.12,6,dollars,NF,Norfolk Island,14.7,0.0,1.7,9.8,16.4,9.8,26.2
2013,2013.12,6,dollars,NG,Nigeria,311.6,98.9,0.7,0.7,312.3,99.6,411.9
2013,2013.12,6,dollars,NI,Nicaragua,32.6,0.8,0.1,0.1,32.7,0.9,33.6
2013,2013.12,6,dollars,NL,Netherlands,606.1,447.1,112.4,187.2,718.5,634.3,1352.8
2013,2013.12,6,dollars,NO,Norway,38.6,42.2,28.0,4.9,66.6,47.0,113.7
2013,2013.12,6,dollars,NP,Nepal,6.3,0.6,7.7,4.2,14.0,4.8,18.8
2013,2013.12,6,dollars,NR,Nauru,2.4,16.7,0.7,1.0,3.1,17.7,20.8
2013,2013.12,6,dollars,NZ,New Zealand,0.0,201.4,0.0,0.0,0.0,201.4,201.4
2013,2013.12,6,dollars,OM,Oman,86.1,378.1,9.7,1.5,95.8,379.6,475.4
2013,2013.12,6,dollars,PA,Panama,28.5,0.2,1.1,0.4,29.6,0.6,30.2
2013,2013.12,6,dollars,PE,Peru,107.6,29.1,3.1,3.5,110.7,32.6,143.3
2013,2013.12,6,dollars,PF,French Polynesia,182.5,2.7,60.1,23.7,242.6,26.4,269.0
2013,2013.12,6,dollars,PG,Papua New Guinea,236.1,10.1,58.7,26.4,294.8,36.5,331.4
2013,2013.12,6,dollars,PH,Philippines,754.2,128.6,86.2,88.1,840.4,216.7,1057.1
2013,2013.12,6,dollars,PK,Pakistan,75.9,55.5,5.9,7.1,81.8,62.7,144.4
2013,2013.12,6,dollars,PL,Poland,21.0,77.9,10.5,5.6,31.5,83.5,115.0
2013,2013.12,6,dollars,PM,St Pierre and Miquelon,0.0,0.0,0.1,0.0,0.1,0.0,0.1
2013,2013.12,6,dollars,PN,Pitcairn,0.6,0.0,0.1,0.1,0.7,0.1,0.8
2013,2013.12,6,dollars,PR,Puerto Rico,1.9,18.6,0.3,0.1,2.1,18.6,20.8
2013,2013.12,6,dollars,PT,Portugal,26.3,22.1,3.1,2.4,29.5,24.5,53.9
2013,2013.12,6,dollars,PW,Palau,0.3,0.0,0.4,0.1,0.7,0.1,0.8
2013,2013.12,6,dollars,PY,Paraguay,0.7,0.6,0.1,0.0,0.9,0.7,1.5
2013,2013.12,6,dollars,QA,Qatar,23.0,581.1,6.2,2.1,29.2,583.2,612.4
2013,2013.12,6,dollars,RE,Reunion,10.6,0.1,0.4,0.2,11.0,0.3,11.3
2013,2013.12,6,dollars,RO,Romania,3.9,10.9,8.4,3.2,12.3,14.1,26.4
2013,2013.12,6,dollars,RS,Serbia,0.2,0.8,0.0,0.0,0.2,0.8,1.0
2013,2013.12,6,dollars,RU,Russia,229.6,563.0,44.9,9.9,274.6,572.9,847.4
2013,2013.12,6,dollars,RW,Rwanda,0.0,0.1,0.5,0.5,0.6,0.6,1.2
2013,2013.12,6,dollars,SA,Saudi Arabia,545.6,890.0,128.3,13.1,674.0,903.1,1577.1
2013,2013.12,6,dollars,SB,Solomon Islands,26.6,6.5,11.6,9.8,38.2,16.4,54.6
2013,2013.12,6,dollars,SC,Seychelles,2.5,0.0,0.1,0.2,2.6,0.2,2.7
2013,2013.12,6,dollars,SD,Sudan,81.2,0.1,0.6,0.1,81.8,0.3,82.1
2013,2013.12,6,dollars,SE,Sweden,64.7,306.6,38.4,6.7,103.1,313.3,416.4
2013,2013.12,6,dollars,SG,Singapore,1021.2,1939.3,326.2,1028.2,1347.3,2967.6,4314.9
2013,2013.12,6,dollars,SH,St Helena,0.2,0.1,0.0,0.0,0.2,0.1,0.3
2013,2013.12,6,dollars,SI,Slovenia,5.0,10.7,2.3,1.2,7.2,11.9,19.1
2013,2013.12,6,dollars,SK,Slovakia,0.3,40.7,3.3,0.8,3.6,41.5,45.1
2013,2013.12,6,dollars,SL,Sierra Leone,2.4,0.8,0.2,0.1,2.6,0.8,3.4
2013,2013.12,6,dollars,SM,San Marino,0.0,0.3,0.0,0.0,0.0,0.3,0.3
2013,2013.12,6,dollars,SN,Senegal,8.9,0.9,0.3,0.0,9.3,1.0,10.2
2013,2013.12,6,dollars,SO,Somalia,0.2,0.0,0.2,0.0,0.3,0.1,0.4
2013,2013.12,6,dollars,SR,Suriname,0.1,0.1,0.8,0.1,0.9,0.2,1.1
2013,2013.12,6,dollars,SS,South Sudan,0.0,0.0,0.1,0.2,0.1,0.2,0.3
2013,2013.12,6,dollars,ST,Sao Tome and Principe,0.0,0.0,0.0,0.0,0.0,0.0,0.0
2013,2013.12,6,dollars,SV,El Salvador,5.1,2.1,0.0,0.1,5.2,2.2,7.4
2013,2013.12,6,dollars,SX,St Maarten (Dutch part),0.0,0.0,0.0,0.1,0.0,0.1,0.1
2013,2013.12,6,dollars,SY,Syria,4.0,0.0,12.5,10.1,16.5,10.2,26.7
2013,2013.12,6,dollars,SZ,Eswatini,0.0,0.1,2.2,0.1,2.2,0.2,2.3
2013,2013.12,6,dollars,TC,Turks and Caicos Islands,0.2,0.0,0.2,1.4,0.4,1.4,1.8
2013,2013.12,6,dollars,TD,Chad,0.3,0.0,0.0,0.1,0.3,0.1,0.4
2013,2013.12,6,dollars,TF,French Southern Territories,0.0,0.0,0.0,0.0,0.0,0.0,0.0
2013,2013.12,6,dollars,TG,Togo,0.4,9.4,0.0,0.0,0.4,9.4,9.9
2013,2013.12,6,dollars,TH,Thailand,702.7,1581.9,151.3,239.9,853.9,1821.7,2675.6
2013,2013.12,6,dollars,TJ,Tajikistan,0.9,0.0,0.0,0.0,0.9,0.0,0.9
2013,2013.12,6,dollars,TK,Tokelau,0.5,0.4,0.6,0.6,1.1,1.0,2.1
2013,2013.12,6,dollars,TL,Timor-Leste,0.9,0.4,0.8,3.6,1.7,4.1,5.8
2013,2013.12,6,dollars,TM,Turkmenistan,0.2,0.0,0.0,0.0,0.2,0.0,0.2
2013,2013.12,6,dollars,TN,Tunisia,4.7,4.8,0.1,0.1,4.9,4.9,9.7
2013,2013.12,6,dollars,TO,Tonga,51.2,2.9,54.7,49.9,105.9,52.8,158.7
2013,2013.12,6,dollars,TR,Turkey,111.0,119.4,3.8,10.9,114.8,130.3,245.1
2013,2013.12,6,dollars,TT,Trinidad and Tobago,54.4,0.4,1.1,0.7,55.4,1.1,56.6
2013,2013.12,6,dollars,TV,Tuvalu,2.1,0.0,2.9,0.3,5.0,0.3,5.3
2013,2013.12,6,dollars,TW,Taiwan,883.0,747.1,109.1,36.6,992.1,783.7,1775.8
2013,2013.12,6,dollars,TZ,Tanzania,4.7,8.0,0.8,1.8,5.5,9.8,15.3
2013,2013.12,6,dollars,UA,Ukraine,61.1,21.3,6.9,1.9,68.0,23.2,91.3
2013,2013.12,6,dollars,UG,Uganda,1.6,0.4,0.4,0.7,2.0,1.1,3.1
2013,2013.12,6,dollars,UM,United States Minor Outlying Islands,0.0,0.0,1.0,0.9,1.0,1.0,2.0
2013,2013.12,6,dollars,US,United States of America,4071.4,4252.7,2336.4,1921.1,6407.8,6173.7,12581.6
2013,2013.12,6,dollars,UY,Uruguay,15.2,6.0,2.6,1.0,17.8,7.0,24.8
2013,2013.12,6,dollars,UZ,Uzbekistan,5.8,0.0,0.1,0.3,5.8,0.4,6.2
2013,2013.12,6,dollars,VA,Vatican City State,0.0,0.0,0.0,0.0,0.0,0.0,0.0
2013,2013.12,6,dollars,VC,St Vincent and the Grenadines,1.3,0.0,0.0,0.0,1.3,0.0,1.3
2013,2013.12,6,dollars,VE,Venezuela,405.8,1.3,1.0,3.1,406.8,4.4,411.2
2013,2013.12,6,dollars,VG,"Virgin Islands, British",0.9,0.2,0.8,0.5,1.7,0.7,2.4
2013,2013.12,6,dollars,VI,"Virgin Islands, United States",0.0,0.1,0.0,0.0,0.0,0.1,0.1
2013,2013.12,6,dollars,VN,Viet Nam,481.4,445.4,78.5,36.9,559.9,482.4,1042.3
2013,2013.12,6,dollars,VU,Vanuatu,36.8,1.3,15.5,40.5,52.4,41.9,94.2
2013,2013.12,6,dollars,WF,Wallis and Futuna,3.5,0.0,0.4,0.3,3.9,0.3,4.2
2013,2013.12,6,dollars,WS,Samoa,112.9,2.2,60.6,115.1,173.5,117.2,290.7
2013,2013.12,6,dollars,YE,Yemen,59.3,0.0,0.0,0.1,59.3,0.1,59.4
2013,2013.12,6,dollars,YT,Mayotte,0.9,0.0,0.0,0.0,0.9,0.0,0.9
2013,2013.12,6,dollars,ZA,South Africa,257.5,143.5,47.7,37.4,305.2,180.8,486.0
2013,2013.12,6,dollars,ZM,Zambia,0.7,2.5,0.4,0.5,1.0,3.1,4.1
2013,2013.12,6,dollars,ZW,Zimbabwe,3.0,0.7,1.1,2.0,4.1,2.7,6.8
2014,2014.12,6,dollars,AD,Andorra,0.0,0.0,0.3,0.0,0.3,0.0,0.3
2014,2014.12,6,dollars,AE,United Arab Emirates,915.9,848.0,99.7,174.1,1015.7,1022.1,2037.8
2014,2014.12,6,dollars,AF,Afghanistan,0.5,0.2,1.4,5.4,1.9,5.6,7.5
2014,2014.12,6,dollars,AG,Antigua and Barbuda,0.9,0.1,0.2,0.7,1.1,0.8,1.9
2014,2014.12,6,dollars,AI,Anguilla,0.0,0.2,0.0,0.0,0.0,0.2,0.2
2014,2014.12,6,dollars,AL,Albania,0.3,0.2,0.0,0.1,0.3,0.4,0.7
2014,2014.12,6,dollars,AM,Armenia,18.9,0.1,0.0,0.0,18.9,0.1,19.0
2014,2014.12,6,dollars,AN,Curacao,0.0,0.0,0.0,0.0,0.0,0.0,0.0
2014,2014.12,6,dollars,AO,Angola,46.8,0.0,0.7,0.4,47.5,0.4,47.9
2014,2014.12,6,dollars,AQ,Antarctica,0.3,0.0,0.8,0.3,1.2,0.4,1.5
2014,2014.12,6,dollars,AR,Argentina,22.2,179.9,29.1,16.0,51.3,195.9,247.2
2014,2014.12,6,dollars,AS,"Samoa, American",26.6,1.7,5.7,2.5,32.3,4.2,36.4
2014,2014.12,6,dollars,AT,Austria,20.5,267.4,28.0,28.7,48.6,296.1,344.6
2014,2014.12,6,dollars,AU,Australia,8773.5,5962.3,4079.3,5175.3,12852.8,11137.6,23990.4
2014,2014.12,6,dollars,AW,Aruba,1.3,0.0,0.0,0.1,1.3,0.1,1.4
2014,2014.12,6,dollars,AZ,Azerbaijan,109.7,0.2,1.0,0.2,110.7,0.4,111.0
2014,2014.12,6,dollars,BA,Bosnia and Herzegovina,0.0,0.7,0.1,0.3,0.1,1.0,1.1
2014,2014.12,6,dollars,BB,Barbados,26.8,0.3,1.6,3.9,28.4,4.2,32.6
2014,2014.12,6,dollars,BD,Bangladesh,188.4,56.8,7.5,3.2,195.8,59.9,255.7
2014,2014.12,6,dollars,BE,Belgium,278.8,295.1,36.8,49.5,315.6,344.7,660.3
2014,2014.12,6,dollars,BF,Burkina Faso,2.4,0.0,0.1,0.0,2.5,0.0,2.5
2014,2014.12,6,dollars,BG,Bulgaria,7.7,15.2,1.9,0.9,9.6,16.1,25.7
2014,2014.12,6,dollars,BH,Bahrain,69.0,6.4,1.9,0.4,71.0,6.8,77.8
2014,2014.12,6,dollars,BI,Burundi,0.0,0.0,0.0,0.1,0.0,0.1,0.1
2014,2014.12,6,dollars,BJ,Benin,2.8,0.0,0.1,0.0,2.9,0.0,2.9
2014,2014.12,6,dollars,BM,Bermuda,4.1,3.0,6.9,41.8,11.0,44.8,55.8
2014,2014.12,6,dollars,BN,Brunei Darussalam,6.4,447.0,11.3,2.4,17.6,449.4,467.0
2014,2014.12,6,dollars,BO,Bolivia,0.4,3.6,3.2,3.1,3.6,6.8,10.4
2014,2014.12,6,dollars,BR,Brazil,160.8,114.2,127.0,21.8,287.8,135.9,423.7
2014,2014.12,6,dollars,BS,Bahamas,2.0,0.1,5.3,0.4,7.3,0.5,7.8
2014,2014.12,6,dollars,BT,Bhutan,0.6,0.0,0.4,0.2,1.1,0.2,1.3
2014,2014.12,6,dollars,BW,Botswana,0.2,0.0,1.1,0.4,1.2,0.4,1.7
2014,2014.12,6,dollars,BY,Belarus,1.2,19.4,0.4,0.1,1.6,19.5,21.1
2014,2014.12,6,dollars,BZ,Belize,0.6,0.0,2.5,0.2,3.1,0.3,3.4
2014,2014.12,6,dollars,CA,Canada,581.0,485.2,316.9,123.2,898.0,608.4,1506.3
2014,2014.12,6,dollars,CC,Cocos (Keeling) Islands,0.2,0.0,0.0,0.0,0.2,0.0,0.2
2014,2014.12,6,dollars,CD,"Congo, the Democratic Republic of the",12.3,0.7,0.1,0.1,12.4,0.8,13.2
2014,2014.12,6,dollars,CF,Central African Republic,0.2,0.0,0.3,0.0,0.5,0.0,0.5
2014,2014.12,6,dollars,CG,Congo,2.2,0.0,0.0,0.1,2.2,0.2,2.4
2014,2014.12,6,dollars,CH,Switzerland,86.3,308.8,187.5,220.2,273.8,529.0,802.8
2014,2014.12,6,dollars,CI,Cote D'Ivoire,9.0,0.9,0.1,0.1,9.0,1.0,10.1
2014,2014.12,6,dollars,CK,Cook Islands,102.3,0.4,38.6,180.3,140.9,180.7,321.6
2014,2014.12,6,dollars,CL,Chile,144.9,100.6,47.0,10.2,191.9,110.8,302.7
2014,2014.12,6,dollars,CM,Cameroon,29.7,2.1,0.0,0.0,29.7,2.1,31.9
2014,2014.12,6,dollars,CN,"China, People's Republic of",9986.2,8301.7,2034.4,495.6,12020.6,8797.3,20817.9
2014,2014.12,6,dollars,CO,Colombia,16.4,19.3,19.2,1.9,35.6,21.2,56.8
2014,2014.12,6,dollars,CR,Costa Rica,3.3,25.2,1.2,1.2,4.5,26.4,30.9
2014,2014.12,6,dollars,CU,Cuba,69.1,1.0,1.1,0.9,70.1,1.9,72.0
2014,2014.12,6,dollars,CV,Cabo Verde,0.0,0.1,0.0,0.0,0.0,0.1,0.1
2014,2014.12,6,dollars,CW,Curacao,1.2,0.0,60.9,0.0,62.1,0.0,62.1
2014,2014.12,6,dollars,CX,Christmas Island,0.0,3.8,0.0,0.0,0.0,3.8,3.8
2014,2014.12,6,dollars,CY,Cyprus,13.3,1.7,1.2,2.4,14.5,4.0,18.5
2014,2014.12,6,dollars,CZ,Czechia,8.3,87.2,16.2,2.6,24.5,89.8,114.3
2014,2014.12,6,dollars,DE,Germany,661.4,2343.4,626.8,296.5,1288.3,2639.9,3928.1
2014,2014.12,6,dollars,DJ,Djibouti,1.8,0.0,0.0,0.0,1.8,0.0,1.8
2014,2014.12,6,dollars,DK,Denmark,121.6,270.1,160.6,739.0,282.3,1009.1,1291.3
2014,2014.12,6,dollars,DM,Dominica,0.1,0.0,0.1,0.0,0.2,0.1,0.2
2014,2014.12,6,dollars,DO,Dominican Republic,14.4,7.0,0.7,0.3,15.2,7.3,22.5
2014,2014.12,6,dollars,DZ,Algeria,583.1,0.0,0.1,0.0,583.2,0.0,583.2
2014,2014.12,6,dollars,EC,Ecuador,5.7,33.6,4.0,1.5,9.8,35.1,44.8
2014,2014.12,6,dollars,EE,Estonia,2.7,2.0,1.2,0.1,3.9,2.1,6.0
2014,2014.12,6,dollars,EG,Egypt,490.3,3.4,2.9,5.8,493.3,9.1,502.4
2014,2014.12,6,dollars,ER,Eritrea,0.0,0.0,0.1,0.0,0.1,0.0,0.1
2014,2014.12,6,dollars,ES,Spain,169.9,526.3,47.5,24.5,217.4,550.8,768.2
2014,2014.12,6,dollars,ET,Ethiopia,2.7,5.8,0.5,4.2,3.1,10.0,13.1
2014,2014.12,6,dollars,FI,Finland,24.1,149.1,15.7,4.4,39.8,153.5,193.3
2014,2014.12,6,dollars,FJ,Fiji,368.4,51.6,132.1,288.8,500.4,340.4,840.8
2014,2014.12,6,dollars,FK,Falkland Islands,0.3,0.0,0.0,0.0,0.3,0.1,0.3
2014,2014.12,6,dollars,FM,"Micronesia, Federated States of",1.2,0.0,0.9,0.4,2.1,0.4,2.5
2014,2014.12,6,dollars,FO,Faeroe Islands,4.3,0.0,0.1,0.0,4.4,0.0,4.4
2014,2014.12,6,dollars,FR,France,373.3,1130.1,353.1,154.3,726.4,1284.4,2010.8
2014,2014.12,6,dollars,GA,Gabon,4.4,1.8,0.2,0.0,4.6,1.9,6.4
2014,2014.12,6,dollars,GB,United Kingdom,1548.2,1259.6,1193.3,880.7,2741.5,2140.3,4881.8
2014,2014.12,6,dollars,GD,Grenada,3.5,0.0,0.7,0.2,4.2,0.3,4.5
2014,2014.12,6,dollars,GE,Georgia,14.4,0.5,0.1,1.7,14.5,2.2,16.7
2014,2014.12,6,dollars,GF,French Guiana,1.2,0.0,0.0,0.0,1.3,0.0,1.3
2014,2014.12,6,dollars,GH,Ghana,33.9,6.3,1.1,0.5,35.0,6.8,41.8
2014,2014.12,6,dollars,GI,Gibraltar,0.9,0.0,0.7,0.4,1.6,0.4,2.0
2014,2014.12,6,dollars,GL,Greenland,0.0,0.0,0.0,0.0,0.0,0.0,0.0
2014,2014.12,6,dollars,GM,Gambia,0.6,0.0,0.1,0.0,0.7,0.0,0.7
2014,2014.12,6,dollars,GN,Guinea,2.4,0.3,0.1,0.1,2.6,0.3,2.9
2014,2014.12,6,dollars,GP,Guadeloupe,7.7,0.2,0.5,0.1,8.1,0.4,8.5
2014,2014.12,6,dollars,GQ,Equatorial Guinea,2.2,0.0,0.0,0.0,2.2,0.0,2.2
2014,2014.12,6,dollars,GR,Greece,37.6,24.9,3.8,14.6,41.4,39.5,80.9
2014,2014.12,6,dollars,GS,South Georgia and the South Sandwich Islands,0.0,0.0,0.0,0.0,0.0,0.0,0.0
2014,2014.12,6,dollars,GT,Guatemala,25.2,4.7,0.4,0.6,25.6,5.3,30.9
2014,2014.12,6,dollars,GU,Guam,6.7,0.1,1.0,0.1,7.7,0.2,7.9
2014,2014.12,6,dollars,GW,Guinea-Bissau,0.1,0.0,0.0,0.0,0.1,0.0,0.1
2014,2014.12,6,dollars,GY,Guyana,18.7,2.9,0.0,0.1,18.7,3.0,21.7
2014,2014.12,6,dollars,HK,Hong Kong (Special Administrative Region),736.2,120.2,332.0,307.5,1068.3,427.7,1496.0
2014,2014.12,6,dollars,HN,Honduras,1.2,4.0,0.1,0.2,1.3,4.1,5.4
2014,2014.12,6,dollars,HR,Croatia,2.4,2.2,2.0,5.8,4.4,7.9,12.4
2014,2014.12,6,dollars,HT,Haiti,0.4,0.8,0.0,0.0,0.4,0.8,1.2
2014,2014.12,6,dollars,HU,Hungary,2.2,63.6,4.9,3.0,7.1,66.7,73.8
2014,2014.12,6,dollars,ID,Indonesia,931.0,785.5,81.2,93.3,1012.1,878.8,1890.9
2014,2014.12,6,dollars,IE,Ireland,53.5,216.4,42.8,135.1,96.3,351.5,447.8
2014,2014.12,6,dollars,IL,Israel,25.6,106.1,16.9,5.7,42.5,111.8,154.3
2014,2014.12,6,dollars,IN,India,617.7,482.9,498.9,185.3,1116.6,668.2,1784.9
2014,2014.12,6,dollars,IO,British Indian Ocean Territory,0.0,0.0,0.0,0.0,0.0,0.0,0.0
2014,2014.12,6,dollars,IQ,Iraq,4.4,0.0,1.2,1.3,5.6,1.3,6.9
2014,2014.12,6,dollars,IR,Iran,162.8,3.8,6.0,7.8,168.8,11.5,180.3
2014,2014.12,6,dollars,IS,Iceland,1.2,2.4,7.1,0.7,8.3,3.1,11.3
2014,2014.12,6,dollars,IT,Italy,415.9,876.9,54.5,59.6,470.4,936.5,1406.9
2014,2014.12,6,dollars,JM,Jamaica,32.5,5.4,1.8,0.6,34.3,6.0,40.3
2014,2014.12,6,dollars,JO,Jordan,90.6,11.1,1.2,1.6,91.7,12.7,104.4
2014,2014.12,6,dollars,JP,Japan,2938.4,3139.5,740.3,168.8,3678.7,3308.3,6987.1
2014,2014.12,6,dollars,KE,Kenya,6.2,3.2,4.1,2.9,10.3,6.1,16.5
2014,2014.12,6,dollars,KG,Kyrgyzstan,0.3,0.0,0.2,0.1,0.6,0.2,0.7
2014,2014.12,6,dollars,KH,Cambodia,5.6,9.9,9.4,12.7,15.0,22.6,37.6
2014,2014.12,6,dollars,KI,Kiribati,8.8,0.1,4.0,4.9,12.7,5.0,17.8
2014,2014.12,6,dollars,KM,Comoros,0.3,0.0,0.0,0.0,0.3,0.0,0.3
2014,2014.12,6,dollars,KN,St Kitts and Nevis,0.2,0.0,0.3,0.1,0.5,0.1,0.6
2014,2014.12,6,dollars,KR,"Korea, Republic of",1762.9,2188.9,466.7,161.3,2229.6,2350.2,4579.9
2014,2014.12,6,dollars,KW,Kuwait,73.5,472.5,8.3,0.9,81.8,473.4,555.3
2014,2014.12,6,dollars,KY,Cayman Islands,0.6,0.8,2.6,0.4,3.2,1.1,4.4
2014,2014.12,6,dollars,KZ,Kazakhstan,1.2,0.9,4.5,0.5,5.7,1.4,7.0
2014,2014.12,6,dollars,LA,Laos,1.6,4.6,3.1,2.4,4.8,7.0,11.7
2014,2014.12,6,dollars,LB,Lebanon,13.6,1.1,0.7,0.7,14.2,1.8,16.0
2014,2014.12,6,dollars,LC,St Lucia,3.4,0.0,0.0,0.1,3.4,0.1,3.5
2014,2014.12,6,dollars,LI,Liechtenstein,0.0,0.3,0.5,0.7,0.5,1.0,1.5
2014,2014.12,6,dollars,LK,Sri Lanka,282.3,48.9,31.3,12.3,313.6,61.2,374.8
2014,2014.12,6,dollars,LR,Liberia,0.6,0.0,0.0,0.1,0.6,0.1,0.7
2014,2014.12,6,dollars,LS,Lesotho,0.0,0.0,0.1,0.0,0.1,0.0,0.2
2014,2014.12,6,dollars,LT,Lithuania,17.0,14.6,0.9,0.6,17.9,15.2,33.2
2014,2014.12,6,dollars,LU,Luxembourg,0.6,6.0,2.3,0.7,2.9,6.7,9.7
2014,2014.12,6,dollars,LV,Latvia,11.2,4.3,0.9,0.2,12.1,4.5,16.7
2014,2014.12,6,dollars,LY,Libya,73.9,0.0,0.9,0.1,74.8,0.1,74.9
2014,2014.12,6,dollars,MA,Morocco,75.8,96.5,1.7,1.4,77.5,97.8,175.4
2014,2014.12,6,dollars,MC,Monaco,0.1,0.2,58.8,0.7,58.9,0.9,59.8
2014,2014.12,6,dollars,MD,Moldova,0.8,0.2,0.1,0.1,0.9,0.3,1.3
2014,2014.12,6,dollars,ME,Montenegro,0.0,0.1,0.0,0.0,0.0,0.1,0.1
2014,2014.12,6,dollars,MG,Madagascar,0.8,0.9,0.0,0.3,0.8,1.2,2.0
2014,2014.12,6,dollars,MH,Marshall Islands,2.5,0.3,1.7,0.1,4.2,0.4,4.6
2014,2014.12,6,dollars,MK,Former Yugoslav Republic of Macedonia (FYROM),0.0,0.8,0.5,0.5,0.5,1.3,1.8
2014,2014.12,6,dollars,ML,Mali,7.6,0.0,0.0,0.3,7.6,0.3,8.0
2014,2014.12,6,dollars,MM,Myanmar,25.6,1.8,4.0,2.5,29.5,4.3,33.9
2014,2014.12,6,dollars,MN,Mongolia,20.0,0.2,1.7,0.4,21.7,0.6,22.3
2014,2014.12,6,dollars,MO,Macau (Special Administrative Region),6.3,0.8,5.6,2.7,11.9,3.5,15.4
2014,2014.12,6,dollars,MP,Northern Mariana Islands,4.0,0.0,0.4,0.1,4.4,0.1,4.5
2014,2014.12,6,dollars,MQ,Martinique,4.9,0.0,0.0,0.0,4.9,0.0,4.9
2014,2014.12,6,dollars,MR,Mauritania,0.2,0.0,0.0,0.0,0.2,0.0,0.3
2014,2014.12,6,dollars,MS,Montserrat,0.0,0.0,0.2,0.0,0.2,0.0,0.2
2014,2014.12,6,dollars,MT,Malta,5.4,4.2,1.8,0.8,7.2,5.0,12.2
2014,2014.12,6,dollars,MU,Mauritius,79.1,1.5,1.8,2.1,80.9,3.6,84.5
2014,2014.12,6,dollars,MV,Maldives,20.7,0.0,1.5,1.2,22.2,1.2,23.4
2014,2014.12,6,dollars,MW,Malawi,0.1,0.5,0.4,0.4,0.5,0.9,1.4
2014,2014.12,6,dollars,MX,Mexico,283.0,234.3,29.1,19.7,312.0,254.1,566.1
2014,2014.12,6,dollars,MY,Malaysia,986.2,2241.5,173.9,161.2,1160.1,2402.7,3562.7
2014,2014.12,6,dollars,MZ,Mozambique,12.3,0.3,0.2,0.2,12.4,0.5,12.9
2014,2014.12,6,dollars,NA,Namibia,1.1,0.2,0.5,0.8,1.7,0.9,2.6
2014,2014.12,6,dollars,NC,New Caledonia,149.4,1.7,61.0,25.2,210.4,26.9,237.3
2014,2014.12,6,dollars,NE,Niger,0.6,0.1,0.0,0.1,0.7,0.1,0.8
2014,2014.12,6,dollars,NF,Norfolk Island,10.4,0.0,1.9,10.3,12.3,10.4,22.7
2014,2014.12,6,dollars,NG,Nigeria,335.2,30.0,1.5,0.5,336.6,30.4,367.1
2014,2014.12,6,dollars,NI,Nicaragua,27.8,1.5,0.1,0.4,27.9,1.9,29.8
2014,2014.12,6,dollars,NL,Netherlands,847.6,434.0,127.0,140.2,974.7,574.2,1548.9
2014,2014.12,6,dollars,NO,Norway,43.1,46.9,26.6,5.2,69.8,52.1,121.9
2014,2014.12,6,dollars,NP,Nepal,11.7,1.0,10.5,4.7,22.1,5.6,27.8
2014,2014.12,6,dollars,NR,Nauru,1.1,8.8,0.7,1.6,1.8,10.4,12.2
2014,2014.12,6,dollars,NZ,New Zealand,0.0,174.1,0.0,0.0,0.0,174.1,174.1
2014,2014.12,6,dollars,OM,Oman,99.7,27.4,10.4,1.7,110.1,29.1,139.2
2014,2014.12,6,dollars,PA,Panama,42.4,0.8,0.9,0.5,43.2,1.3,44.5
2014,2014.12,6,dollars,PE,Peru,171.6,43.7,4.0,5.0,175.5,48.7,224.3
2014,2014.12,6,dollars,PF,French Polynesia,178.1,3.2,67.2,23.3,245.3,26.5,271.8
2014,2014.12,6,dollars,PG,Papua New Guinea,207.0,12.8,68.4,23.3,275.4,36.1,311.6
2014,2014.12,6,dollars,PH,Philippines,750.3,116.6,96.9,89.8,847.3,206.3,1053.6
2014,2014.12,6,dollars,PK,Pakistan,68.4,60.1,7.2,3.7,75.6,63.8,139.4
2014,2014.12,6,dollars,PL,Poland,24.9,93.3,12.5,5.8,37.4,99.2,136.6
2014,2014.12,6,dollars,PM,St Pierre and Miquelon,0.0,0.0,0.0,0.0,0.0,0.0,0.0
2014,2014.12,6,dollars,PN,Pitcairn,1.6,0.0,0.1,0.0,1.7,0.1,1.8
2014,2014.12,6,dollars,PR,Puerto Rico,2.8,15.2,0.2,0.0,3.1,15.2,18.3
2014,2014.12,6,dollars,PT,Portugal,34.0,25.6,5.0,2.4,39.1,28.0,67.1
2014,2014.12,6,dollars,PW,Palau,0.4,0.0,0.3,0.5,0.8,0.5,1.2
2014,2014.12,6,dollars,PY,Paraguay,1.0,0.4,1.0,0.1,2.0,0.5,2.5
2014,2014.12,6,dollars,QA,Qatar,31.6,530.0,7.5,4.0,39.1,534.0,573.1
2014,2014.12,6,dollars,RE,Reunion,14.2,0.0,0.7,0.9,14.9,0.9,15.8
2014,2014.12,6,dollars,RO,Romania,10.6,13.9,3.5,1.9,14.1,15.8,29.9
2014,2014.12,6,dollars,RS,Serbia,0.1,1.3,0.2,0.0,0.2,1.3,1.5
2014,2014.12,6,dollars,RU,Russia,240.2,505.5,49.3,11.9,289.5,517.4,807.0
2014,2014.12,6,dollars,RW,Rwanda,0.0,0.1,0.5,0.4,0.6,0.5,1.0
2014,2014.12,6,dollars,SA,Saudi Arabia,754.1,763.3,115.2,10.2,869.2,773.5,1642.7
2014,2014.12,6,dollars,SB,Solomon Islands,29.9,6.4,15.3,10.8,45.2,17.1,62.4
2014,2014.12,6,dollars,SC,Seychelles,4.7,0.0,0.1,0.2,4.8,0.2,5.0
2014,2014.12,6,dollars,SD,Sudan,45.8,0.1,0.7,0.3,46.5,0.4,46.9
2014,2014.12,6,dollars,SE,Sweden,62.0,295.6,47.5,10.5,109.5,306.2,415.7
2014,2014.12,6,dollars,SG,Singapore,1010.4,1989.4,334.9,1184.3,1345.4,3173.7,4519.1
2014,2014.12,6,dollars,SH,St Helena,0.0,0.0,0.2,0.0,0.2,0.0,0.2
2014,2014.12,6,dollars,SI,Slovenia,8.2,12.7,2.4,1.0,10.6,13.7,24.3
2014,2014.12,6,dollars,SK,Slovakia,0.5,63.6,6.3,1.1,6.8,64.7,71.5
2014,2014.12,6,dollars,SL,Sierra Leone,4.0,0.2,0.0,0.0,4.1,0.2,4.3
2014,2014.12,6,dollars,SM,San Marino,0.0,0.0,0.0,0.1,0.0,0.1,0.1
2014,2014.12,6,dollars,SN,Senegal,22.2,0.8,0.3,0.1,22.5,0.9,23.4
2014,2014.12,6,dollars,SO,Somalia,0.0,0.0,0.1,0.0,0.1,0.0,0.2
2014,2014.12,6,dollars,SR,Suriname,0.2,0.3,0.8,0.0,1.0,0.3,1.3
2014,2014.12,6,dollars,SS,South Sudan,0.0,0.0,0.1,0.1,0.1,0.1,0.2
2014,2014.12,6,dollars,ST,Sao Tome and Principe,0.0,0.0,0.0,0.0,0.0,0.0,0.0
2014,2014.12,6,dollars,SV,El Salvador,5.4,14.1,0.0,0.1,5.4,14.2,19.6
2014,2014.12,6,dollars,SX,St Maarten (Dutch part),2.6,0.1,0.0,0.0,2.6,0.1,2.7
2014,2014.12,6,dollars,SY,Syria,13.4,0.1,7.7,6.4,21.2,6.5,27.7
2014,2014.12,6,dollars,SZ,Eswatini,0.0,0.2,0.7,0.2,0.7,0.4,1.0
2014,2014.12,6,dollars,TC,Turks and Caicos Islands,0.2,0.0,0.2,1.0,0.4,1.0,1.4
2014,2014.12,6,dollars,TD,Chad,1.9,0.0,0.0,0.1,1.9,0.1,2.0
2014,2014.12,6,dollars,TF,French Southern Territories,0.0,0.0,0.0,0.0,0.0,0.0,0.0
2014,2014.12,6,dollars,TG,Togo,1.0,0.2,0.1,0.0,1.1,0.2,1.3
2014,2014.12,6,dollars,TH,Thailand,789.9,1680.9,175.5,213.2,965.4,1894.1,2859.5
2014,2014.12,6,dollars,TJ,Tajikistan,0.1,0.0,0.2,0.0,0.2,0.0,0.3
2014,2014.12,6,dollars,TK,Tokelau,0.0,0.1,0.6,0.6,0.6,0.7,1.3
2014,2014.12,6,dollars,TL,Timor-Leste,2.1,0.5,2.3,4.0,4.4,4.5,9.0
2014,2014.12,6,dollars,TM,Turkmenistan,0.2,0.0,0.0,0.0,0.2,0.0,0.2
2014,2014.12,6,dollars,TN,Tunisia,4.8,6.5,0.1,0.1,4.8,6.7,11.5
2014,2014.12,6,dollars,TO,Tonga,55.2,2.7,57.5,59.7,112.8,62.4,175.2
2014,2014.12,6,dollars,TR,Turkey,127.6,139.4,7.9,15.3,135.5,154.8,290.2
2014,2014.12,6,dollars,TT,Trinidad and Tobago,53.6,0.9,0.7,0.8,54.2,1.7,56.0
2014,2014.12,6,dollars,TV,Tuvalu,7.6,0.0,2.7,1.1,10.3,1.1,11.3
2014,2014.12,6,dollars,TW,Taiwan,1011.1,735.6,128.5,40.3,1139.7,775.9,1915.6
2014,2014.12,6,dollars,TZ,Tanzania,5.8,12.6,1.1,1.7,6.8,14.3,21.1
2014,2014.12,6,dollars,UA,Ukraine,14.5,8.0,6.8,45.3,21.3,53.3,74.6
2014,2014.12,6,dollars,UG,Uganda,0.9,0.4,0.8,0.7,1.7,1.1,2.9
2014,2014.12,6,dollars,UM,United States Minor Outlying Islands,0.0,0.0,1.4,1.2,1.4,1.2,2.6
2014,2014.12,6,dollars,US,United States of America,4704.3,5676.1,2468.9,2075.8,7173.2,7751.9,14925.1
2014,2014.12,6,dollars,UY,Uruguay,15.2,2.1,3.6,1.3,18.8,3.4,22.2
2014,2014.12,6,dollars,UZ,Uzbekistan,5.6,0.0,0.8,0.2,6.4,0.3,6.7
2014,2014.12,6,dollars,VA,Vatican City State,0.0,0.0,0.0,0.0,0.0,0.0,0.0
2014,2014.12,6,dollars,VC,St Vincent and the Grenadines,1.8,0.0,0.0,0.0,1.8,0.0,1.8
2014,2014.12,6,dollars,VE,Venezuela,115.6,0.2,2.1,3.3,117.8,3.5,121.2
2014,2014.12,6,dollars,VG,"Virgin Islands, British",56.9,0.1,1.1,0.7,58.0,0.8,58.7
2014,2014.12,6,dollars,VI,"Virgin Islands, United States",0.1,0.0,0.5,0.0,0.6,0.0,0.7
2014,2014.12,6,dollars,VN,Viet Nam,548.1,473.6,73.6,47.2,621.7,520.8,1142.5
2014,2014.12,6,dollars,VU,Vanuatu,35.0,1.9,22.2,47.5,57.2,49.4,106.6
2014,2014.12,6,dollars,WF,Wallis and Futuna,2.9,0.0,0.6,0.4,3.5,0.4,3.9
2014,2014.12,6,dollars,WS,Samoa,103.1,2.9,82.9,135.1,186.0,138.0,324.0
2014,2014.12,6,dollars,YE,Yemen,83.1,0.0,0.2,0.0,83.3,0.1,83.3
2014,2014.12,6,dollars,YT,Mayotte,1.2,0.0,0.0,0.0,1.2,0.0,1.2
2014,2014.12,6,dollars,ZA,South Africa,198.1,142.3,57.6,48.7,255.7,191.0,446.8
2014,2014.12,6,dollars,ZM,Zambia,2.0,1.9,1.0,0.6,3.0,2.4,5.5
2014,2014.12,6,dollars,ZW,Zimbabwe,5.6,1.6,2.7,2.2,8.3,3.8,12.1
2015,2015.12,6,dollars,AD,Andorra,0.0,0.1,0.3,0.3,0.3,0.4,0.7
2015,2015.12,6,dollars,AE,United Arab Emirates,833.0,425.6,132.6,174.4,965.6,600.0,1565.6
2015,2015.12,6,dollars,AF,Afghanistan,0.4,0.1,0.6,4.7,1.0,4.8,5.9
2015,2015.12,6,dollars,AG,Antigua and Barbuda,2.6,0.0,0.1,0.1,2.7,0.2,2.9
2015,2015.12,6,dollars,AI,Anguilla,0.1,0.2,0.1,0.0,0.1,0.2,0.3
2015,2015.12,6,dollars,AL,Albania,0.1,0.4,0.2,0.2,0.3,0.5,0.8
2015,2015.12,6,dollars,AM,Armenia,15.2,0.1,0.2,0.1,15.4,0.2,15.6
2015,2015.12,6,dollars,AN,Curacao,0.0,0.0,0.0,0.0,0.0,0.0,0.0
2015,2015.12,6,dollars,AO,Angola,31.8,0.0,0.4,0.4,32.2,0.4,32.5
2015,2015.12,6,dollars,AQ,Antarctica,0.3,5.8,0.9,0.3,1.2,6.1,7.3
2015,2015.12,6,dollars,AR,Argentina,25.3,190.4,33.4,16.5,58.7,206.9,265.6
2015,2015.12,6,dollars,AS,"Samoa, American",34.4,1.0,5.1,4.4,39.5,5.5,45.0
2015,2015.12,6,dollars,AT,Austria,21.2,190.6,32.4,30.1,53.6,220.7,274.3
2015,2015.12,6,dollars,AU,Australia,8339.5,5952.4,4548.3,5310.0,12887.8,11262.3,24150.2
2015,2015.12,6,dollars,AW,Aruba,1.0,0.0,0.1,0.1,1.0,0.1,1.2
2015,2015.12,6,dollars,AZ,Azerbaijan,80.1,0.1,0.3,0.2,80.3,0.3,80.6
2015,2015.12,6,dollars,BA,Bosnia and Herzegovina,0.3,1.8,0.0,0.1,0.3,1.9,2.1
2015,2015.12,6,dollars,BB,Barbados,24.1,0.3,1.3,3.6,25.4,3.9,29.3
2015,2015.12,6,dollars,BD,Bangladesh,213.4,87.8,14.6,2.4,228.0,90.2,318.2
2015,2015.12,6,dollars,BE,Belgium,240.9,307.8,43.1,58.6,284.0,366.3,650.3
2015,2015.12,6,dollars,BF,Burkina Faso,0.8,0.0,0.1,0.0,0.9,0.0,0.9
2015,2015.12,6,dollars,BG,Bulgaria,8.2,41.7,2.6,1.4,10.8,43.1,54.0
2015,2015.12,6,dollars,BH,Bahrain,78.1,6.0,2.0,0.4,80.1,6.4,86.5
2015,2015.12,6,dollars,BI,Burundi,0.0,0.0,0.0,0.0,0.0,0.0,0.0
2015,2015.12,6,dollars,BJ,Benin,1.8,0.0,0.1,0.1,1.9,0.1,2.0
2015,2015.12,6,dollars,BM,Bermuda,7.9,6.1,7.5,48.6,15.4,54.7,70.1
2015,2015.12,6,dollars,BN,Brunei Darussalam,4.7,501.2,13.3,1.9,18.0,503.0,521.0
2015,2015.12,6,dollars,BO,Bolivia,2.7,4.5,0.8,1.3,3.5,5.8,9.3
2015,2015.12,6,dollars,BR,Brazil,69.0,142.6,158.2,30.7,227.2,173.3,400.5
2015,2015.12,6,dollars,BS,Bahamas,2.2,0.0,6.2,0.6,8.4,0.6,9.0
2015,2015.12,6,dollars,BT,Bhutan,0.3,0.0,0.2,0.4,0.5,0.4,0.9
2015,2015.12,6,dollars,BW,Botswana,0.1,0.0,1.3,0.6,1.4,0.6,2.0
2015,2015.12,6,dollars,BY,Belarus,0.2,17.6,0.7,0.1,1.0,17.7,18.7
2015,2015.12,6,dollars,BZ,Belize,0.3,0.4,1.9,0.1,2.2,0.5,2.6
2015,2015.12,6,dollars,CA,Canada,670.0,630.8,373.0,125.5,1043.0,756.3,1799.3
2015,2015.12,6,dollars,CC,Cocos (Keeling) Islands,0.0,0.0,0.0,0.0,0.0,0.0,0.0
2015,2015.12,6,dollars,CD,"Congo, the Democratic Republic of the",13.1,0.6,0.1,0.0,13.2,0.6,13.8
2015,2015.12,6,dollars,CF,Central African Republic,0.2,0.0,0.0,0.0,0.2,0.0,0.2
2015,2015.12,6,dollars,CG,Congo,6.4,0.1,0.0,0.0,6.4,0.1,6.5
2015,2015.12,6,dollars,CH,Switzerland,117.6,334.1,174.5,229.3,292.1,563.4,855.6
2015,2015.12,6,dollars,CI,Cote D'Ivoire,13.1,1.7,0.4,0.1,13.5,1.8,15.3
2015,2015.12,6,dollars,CK,Cook Islands,98.2,0.3,46.2,198.8,144.3,199.1,343.4
2015,2015.12,6,dollars,CL,Chile,135.3,125.7,53.4,12.4,188.6,138.0,326.7
2015,2015.12,6,dollars,CM,Cameroon,30.8,1.9,0.3,0.2,31.1,2.1,33.2
2015,2015.12,6,dollars,CN,"China, People's Republic of",8611.4,9883.5,2946.9,550.1,11558.3,10433.6,21992.0
2015,2015.12,6,dollars,CO,Colombia,22.4,19.1,31.5,2.3,53.9,21.4,75.4
2015,2015.12,6,dollars,CR,Costa Rica,8.3,8.2,1.8,1.7,10.1,9.9,19.9
2015,2015.12,6,dollars,CU,Cuba,85.2,0.9,1.1,2.3,86.3,3.1,89.4
2015,2015.12,6,dollars,CV,Cabo Verde,0.0,0.1,0.0,0.0,0.0,0.1,0.1
2015,2015.12,6,dollars,CW,Curacao,0.6,0.0,107.1,0.0,107.6,0.0,107.6
2015,2015.12,6,dollars,CX,Christmas Island,0.0,6.4,0.0,0.0,0.0,6.4,6.4
2015,2015.12,6,dollars,CY,Cyprus,14.3,1.7,1.4,56.5,15.7,58.2,73.9
2015,2015.12,6,dollars,CZ,Czechia,12.8,122.5,18.6,3.7,31.4,126.2,157.6
2015,2015.12,6,dollars,DE,Germany,681.0,2335.2,763.7,703.3,1444.7,3038.5,4483.2
2015,2015.12,6,dollars,DJ,Djibouti,3.3,0.4,0.1,0.0,3.4,0.5,3.9
2015,2015.12,6,dollars,DK,Denmark,160.1,199.9,187.9,759.5,348.0,959.4,1307.4
2015,2015.12,6,dollars,DM,Dominica,0.2,0.1,0.0,0.0,0.2,0.1,0.4
2015,2015.12,6,dollars,DO,Dominican Republic,14.9,9.9,3.0,1.1,17.9,11.0,28.9
2015,2015.12,6,dollars,DZ,Algeria,512.3,0.0,0.2,0.2,512.5,0.2,512.7
2015,2015.12,6,dollars,EC,Ecuador,5.0,47.4,3.2,1.7,8.2,49.1,57.3
2015,2015.12,6,dollars,EE,Estonia,3.3,3.9,1.8,0.8,5.1,4.7,9.8
2015,2015.12,6,dollars,EG,Egypt,485.4,3.4,3.8,5.8,489.2,9.2,498.4
2015,2015.12,6,dollars,ER,Eritrea,0.0,0.0,0.1,0.2,0.1,0.2,0.3
2015,2015.12,6,dollars,ES,Spain,231.6,495.1,60.0,26.7,291.6,521.8,813.4
2015,2015.12,6,dollars,ET,Ethiopia,1.7,6.0,0.4,4.6,2.1,10.6,12.7
2015,2015.12,6,dollars,FI,Finland,23.4,155.8,20.5,4.8,43.9,160.6,204.5
2015,2015.12,6,dollars,FJ,Fiji,417.2,55.1,165.9,316.3,583.1,371.5,954.6
2015,2015.12,6,dollars,FK,Falkland Islands,0.6,0.0,0.1,0.3,0.7,0.4,1.0
2015,2015.12,6,dollars,FM,"Micronesia, Federated States of",12.1,0.0,0.7,0.4,12.8,0.4,13.2
2015,2015.12,6,dollars,FO,Faeroe Islands,4.3,0.0,0.1,0.1,4.4,0.1,4.5
2015,2015.12,6,dollars,FR,France,383.1,1344.8,370.9,143.1,754.0,1487.9,2241.9
2015,2015.12,6,dollars,GA,Gabon,2.7,1.1,0.4,0.1,3.1,1.2,4.3
2015,2015.12,6,dollars,GB,United Kingdom,1669.0,1280.9,1559.3,956.8,3228.3,2237.7,5466.0
2015,2015.12,6,dollars,GD,Grenada,3.0,0.0,0.0,0.1,3.0,0.1,3.1
2015,2015.12,6,dollars,GE,Georgia,5.4,0.3,2.5,0.3,7.9,0.6,8.5
2015,2015.12,6,dollars,GF,French Guiana,0.4,0.0,0.2,0.0,0.6,0.0,0.6
2015,2015.12,6,dollars,GH,Ghana,25.3,15.6,1.6,0.7,26.9,16.3,43.3
2015,2015.12,6,dollars,GI,Gibraltar,1.8,0.0,0.9,0.0,2.8,0.0,2.8
2015,2015.12,6,dollars,GL,Greenland,0.0,0.0,0.1,0.0,0.1,0.0,0.2
2015,2015.12,6,dollars,GM,Gambia,0.2,0.0,1.0,0.0,1.2,0.0,1.2
2015,2015.12,6,dollars,GN,Guinea,5.0,0.2,0.7,0.6,5.7,0.8,6.5
2015,2015.12,6,dollars,GP,Guadeloupe,5.7,0.2,1.4,0.0,7.1,0.2,7.3
2015,2015.12,6,dollars,GQ,Equatorial Guinea,0.6,0.0,0.0,0.0,0.6,0.0,0.6
2015,2015.12,6,dollars,GR,Greece,34.4,24.2,4.1,12.5,38.5,36.7,75.2
2015,2015.12,6,dollars,GS,South Georgia and the South Sandwich Islands,0.0,0.0,0.0,0.0,0.0,0.1,0.1
2015,2015.12,6,dollars,GT,Guatemala,31.4,19.8,0.5,0.8,31.8,20.6,52.4
2015,2015.12,6,dollars,GU,Guam,6.9,0.0,1.5,0.4,8.4,0.4,8.9
2015,2015.12,6,dollars,GW,Guinea-Bissau,0.1,0.0,0.0,0.0,0.1,0.0,0.1
2015,2015.12,6,dollars,GY,Guyana,24.3,2.0,0.1,0.1,24.3,2.1,26.4
2015,2015.12,6,dollars,HK,Hong Kong (Special Administrative Region),752.4,104.5,404.0,335.5,1156.4,440.0,1596.4
2015,2015.12,6,dollars,HN,Honduras,6.9,4.1,0.3,0.2,7.2,4.3,11.5
2015,2015.12,6,dollars,HR,Croatia,2.7,2.8,2.1,5.4,4.8,8.2,13.0
2015,2015.12,6,dollars,HT,Haiti,0.5,0.9,1.0,0.1,1.4,0.9,2.4
2015,2015.12,6,dollars,HU,Hungary,1.6,80.1,5.6,2.3,7.2,82.5,89.7
2015,2015.12,6,dollars,ID,Indonesia,810.3,835.4,102.0,103.8,912.2,939.2,1851.4
2015,2015.12,6,dollars,IE,Ireland,59.2,204.2,52.9,139.0,112.1,343.3,455.3
2015,2015.12,6,dollars,IL,Israel,31.5,116.4,20.7,5.6,52.2,121.9,174.2
2015,2015.12,6,dollars,IN,India,637.9,576.0,872.3,224.4,1510.2,800.4,2310.7
2015,2015.12,6,dollars,IO,British Indian Ocean Territory,0.0,0.0,0.0,0.0,0.0,0.0,0.1
2015,2015.12,6,dollars,IQ,Iraq,4.8,0.0,2.3,1.3,7.1,1.3,8.4
2015,2015.12,6,dollars,IR,Iran,93.4,3.8,6.1,16.8,99.5,20.5,120.0
2015,2015.12,6,dollars,IS,Iceland,2.5,2.7,9.6,0.6,12.1,3.3,15.4
2015,2015.12,6,dollars,IT,Italy,398.5,934.2,66.6,58.3,465.2,992.5,1457.7
2015,2015.12,6,dollars,JM,Jamaica,41.5,6.3,1.1,1.0,42.6,7.2,49.9
2015,2015.12,6,dollars,JO,Jordan,96.6,1.8,1.0,1.8,97.6,3.5,101.1
2015,2015.12,6,dollars,JP,Japan,2952.5,3143.9,794.4,192.5,3746.9,3336.5,7083.4
2015,2015.12,6,dollars,KE,Kenya,10.8,3.7,5.0,1.7,15.9,5.3,21.2
2015,2015.12,6,dollars,KG,Kyrgyzstan,0.0,0.1,0.4,0.0,0.4,0.2,0.6
2015,2015.12,6,dollars,KH,Cambodia,8.4,16.4,13.9,15.0,22.4,31.4,53.8
2015,2015.12,6,dollars,KI,Kiribati,14.9,0.0,4.3,5.7,19.2,5.7,24.9
2015,2015.12,6,dollars,KM,Comoros,0.1,0.0,0.1,0.1,0.2,0.1,0.3
2015,2015.12,6,dollars,KN,St Kitts and Nevis,0.1,0.0,0.2,0.1,0.3,0.1,0.4
2015,2015.12,6,dollars,KR,"Korea, Republic of",1565.1,1831.9,487.2,159.1,2052.2,1990.9,4043.2
2015,2015.12,6,dollars,KW,Kuwait,82.4,154.3,6.7,2.7,89.0,157.0,246.0
2015,2015.12,6,dollars,KY,Cayman Islands,1.2,0.2,3.4,0.3,4.6,0.5,5.0
2015,2015.12,6,dollars,KZ,Kazakhstan,3.9,1.4,3.9,0.6,7.7,2.0,9.8
2015,2015.12,6,dollars,LA,Laos,1.2,4.1,3.1,2.2,4.3,6.3,10.6
2015,2015.12,6,dollars,LB,Lebanon,17.7,1.3,0.8,0.5,18.6,1.9,20.4
2015,2015.12,6,dollars,LC,St Lucia,4.0,0.0,0.1,0.1,4.1,0.1,4.2
2015,2015.12,6,dollars,LI,Liechtenstein,0.0,0.3,0.5,0.7,0.5,1.0,1.6
2015,2015.12,6,dollars,LK,Sri Lanka,231.7,52.2,41.0,14.9,272.7,67.2,339.9
2015,2015.12,6,dollars,LR,Liberia,1.4,0.0,0.1,0.0,1.5,0.0,1.5
2015,2015.12,6,dollars,LS,Lesotho,0.0,0.0,0.2,0.1,0.2,0.1,0.3
2015,2015.12,6,dollars,LT,Lithuania,30.8,20.6,1.0,0.5,31.7,21.0,52.8
2015,2015.12,6,dollars,LU,Luxembourg,2.3,7.2,3.0,2.0,5.2,9.2,14.4
2015,2015.12,6,dollars,LV,Latvia,8.2,5.1,1.9,0.4,10.2,5.6,15.7
2015,2015.12,6,dollars,LY,Libya,48.1,0.0,1.3,0.0,49.4,0.0,49.4
2015,2015.12,6,dollars,MA,Morocco,65.4,91.7,2.3,1.5,67.7,93.2,160.8
2015,2015.12,6,dollars,MC,Monaco,0.0,0.2,37.9,0.3,37.9,0.6,38.5
2015,2015.12,6,dollars,MD,Moldova,0.7,0.3,0.2,0.0,0.9,0.4,1.3
2015,2015.12,6,dollars,ME,Montenegro,0.1,0.0,0.0,0.0,0.1,0.0,0.2
2015,2015.12,6,dollars,MG,Madagascar,2.4,1.2,0.3,0.3,2.7,1.5,4.2
2015,2015.12,6,dollars,MH,Marshall Islands,4.1,0.1,4.5,0.3,8.6,0.5,9.1
2015,2015.12,6,dollars,MK,Former Yugoslav Republic of Macedonia (FYROM),0.0,0.5,1.0,0.8,1.0,1.3,2.3
2015,2015.12,6,dollars,ML,Mali,10.7,0.0,0.4,0.4,11.1,0.5,11.5
2015,2015.12,6,dollars,MM,Myanmar,27.5,2.9,4.4,3.1,31.9,5.9,37.9
2015,2015.12,6,dollars,MN,Mongolia,10.8,2.0,1.5,0.6,12.3,2.6,14.8
2015,2015.12,6,dollars,MO,Macau (Special Administrative Region),7.0,1.4,6.7,1.0,13.7,2.4,16.0
2015,2015.12,6,dollars,MP,Northern Mariana Islands,4.4,0.0,0.2,0.1,4.5,0.1,4.6
2015,2015.12,6,dollars,MQ,Martinique,5.2,0.0,0.1,0.0,5.3,0.0,5.3
2015,2015.12,6,dollars,MR,Mauritania,0.0,0.0,0.1,0.0,0.1,0.0,0.1
2015,2015.12,6,dollars,MS,Montserrat,0.0,0.1,0.0,0.0,0.0,0.1,0.1
2015,2015.12,6,dollars,MT,Malta,6.4,4.7,1.5,1.4,8.0,6.1,14.0
2015,2015.12,6,dollars,MU,Mauritius,69.6,3.2,2.4,1.6,72.0,4.9,76.9
2015,2015.12,6,dollars,MV,Maldives,23.1,0.0,1.6,1.9,24.8,1.9,26.7
2015,2015.12,6,dollars,MW,Malawi,0.1,1.3,0.2,0.6,0.3,1.9,2.2
2015,2015.12,6,dollars,MX,Mexico,366.0,262.7,28.5,21.5,394.5,284.2,678.7
2015,2015.12,6,dollars,MY,Malaysia,942.9,1655.4,210.7,168.2,1153.6,1823.6,2977.2
2015,2015.12,6,dollars,MZ,Mozambique,5.2,1.3,0.3,0.2,5.4,1.6,7.0
2015,2015.12,6,dollars,NA,Namibia,0.4,0.1,0.9,0.8,1.3,0.9,2.2
2015,2015.12,6,dollars,NC,New Caledonia,151.3,2.3,71.9,30.1,223.3,32.3,255.6
2015,2015.12,6,dollars,NE,Niger,0.5,0.2,0.5,0.0,1.0,0.2,1.2
2015,2015.12,6,dollars,NF,Norfolk Island,6.8,0.0,2.6,10.9,9.4,10.9,20.3
2015,2015.12,6,dollars,NG,Nigeria,284.7,0.1,2.3,0.7,287.0,0.8,287.8
2015,2015.12,6,dollars,NI,Nicaragua,34.4,2.3,1.5,0.4,35.9,2.7,38.6
2015,2015.12,6,dollars,NL,Netherlands,809.7,533.4,138.1,177.9,947.7,711.3,1659.0
2015,2015.12,6,dollars,NO,Norway,40.3,69.7,33.2,5.1,73.5,74.8,148.3
2015,2015.12,6,dollars,NP,Nepal,11.5,1.1,27.2,5.1,38.7,6.2,44.9
2015,2015.12,6,dollars,NR,Nauru,0.5,0.0,0.7,2.0,1.2,2.0,3.2
2015,2015.12,6,dollars,NZ,New Zealand,0.0,235.7,0.0,0.0,0.0,235.7,235.7
2015,2015.12,6,dollars,OM,Oman,89.2,2.7,10.3,1.4,99.4,4.1,103.5
2015,2015.12,6,dollars,PA,Panama,51.6,0.4,1.5,0.4,53.0,0.8,53.8
2015,2015.12,6,dollars,PE,Peru,128.4,58.5,5.6,5.7,134.0,64.2,198.2
2015,2015.12,6,dollars,PF,French Polynesia,193.5,3.0,73.5,22.1,266.9,25.1,292.0
2015,2015.12,6,dollars,PG,Papua New Guinea,203.7,10.9,71.1,24.2,274.8,35.2,309.9
2015,2015.12,6,dollars,PH,Philippines,643.4,122.9,147.9,106.0,791.2,228.9,1020.2
2015,2015.12,6,dollars,PK,Pakistan,69.8,66.1,8.8,4.0,78.6,70.1,148.8
2015,2015.12,6,dollars,PL,Poland,37.3,110.4,15.7,7.3,53.0,117.7,170.7
2015,2015.12,6,dollars,PM,St Pierre and Miquelon,0.0,0.0,0.0,0.0,0.0,0.0,0.0
2015,2015.12,6,dollars,PN,Pitcairn,0.8,0.0,0.1,0.1,0.8,0.1,0.9
2015,2015.12,6,dollars,PR,Puerto Rico,1.0,12.5,0.5,0.1,1.5,12.6,14.0
2015,2015.12,6,dollars,PT,Portugal,33.8,35.2,7.8,4.7,41.6,39.9,81.5
2015,2015.12,6,dollars,PW,Palau,0.4,0.0,0.6,0.3,1.0,0.3,1.3
2015,2015.12,6,dollars,PY,Paraguay,2.1,0.4,1.1,0.1,3.2,0.5,3.6
2015,2015.12,6,dollars,QA,Qatar,36.6,615.2,8.1,2.0,44.8,617.2,662.0
2015,2015.12,6,dollars,RE,Reunion,13.5,0.0,1.3,0.1,14.8,0.1,14.9
2015,2015.12,6,dollars,RO,Romania,9.0,21.4,3.9,1.8,12.9,23.2,36.1
2015,2015.12,6,dollars,RS,Serbia,0.3,2.2,0.2,0.0,0.5,2.2,2.8
2015,2015.12,6,dollars,RU,Russia,125.0,495.0,56.6,11.8,181.6,506.8,688.4
2015,2015.12,6,dollars,RW,Rwanda,0.2,0.1,0.5,0.3,0.7,0.5,1.2
2015,2015.12,6,dollars,SA,Saudi Arabia,610.7,467.6,121.6,10.0,732.3,477.5,1209.9
2015,2015.12,6,dollars,SB,Solomon Islands,29.7,5.2,16.4,14.1,46.0,19.3,65.3
2015,2015.12,6,dollars,SC,Seychelles,2.1,0.0,1.0,0.2,3.1,0.3,3.4
2015,2015.12,6,dollars,SD,Sudan,57.2,0.1,0.7,0.1,57.9,0.2,58.1
2015,2015.12,6,dollars,SE,Sweden,65.9,287.2,58.0,9.3,123.9,296.5,420.5
2015,2015.12,6,dollars,SG,Singapore,1080.2,1736.0,414.2,1272.4,1494.4,3008.4,4502.8
2015,2015.12,6,dollars,SH,St Helena,0.0,0.0,0.1,0.0,0.1,0.0,0.1
2015,2015.12,6,dollars,SI,Slovenia,3.4,14.0,2.0,0.7,5.4,14.7,20.1
2015,2015.12,6,dollars,SK,Slovakia,0.6,79.9,4.1,0.7,4.8,80.6,85.4
2015,2015.12,6,dollars,SL,Sierra Leone,4.1,0.4,0.8,0.7,4.9,1.0,5.9
2015,2015.12,6,dollars,SM,San Marino,0.0,0.0,0.1,0.1,0.1,0.2,0.3
2015,2015.12,6,dollars,SN,Senegal,26.7,1.2,0.3,0.1,27.0,1.3,28.3
2015,2015.12,6,dollars,SO,Somalia,0.4,0.0,0.3,0.3,0.7,0.3,1.0
2015,2015.12,6,dollars,SR,Suriname,0.2,0.4,0.1,0.1,0.2,0.4,0.6
2015,2015.12,6,dollars,SS,South Sudan,0.0,0.0,0.1,0.2,0.1,0.2,0.3
2015,2015.12,6,dollars,ST,Sao Tome and Principe,0.0,0.0,0.0,0.1,0.0,0.1,0.1
2015,2015.12,6,dollars,SV,El Salvador,20.9,27.4,0.1,0.1,20.9,27.5,48.4
2015,2015.12,6,dollars,SX,St Maarten (Dutch part),1.3,0.0,0.0,0.0,1.3,0.0,1.4
2015,2015.12,6,dollars,SY,Syria,11.8,0.0,2.2,1.7,14.0,1.7,15.7
2015,2015.12,6,dollars,SZ,Eswatini,0.0,0.4,1.1,0.2,1.1,0.6,1.7
2015,2015.12,6,dollars,TC,Turks and Caicos Islands,0.2,0.0,0.1,1.5,0.3,1.5,1.8
2015,2015.12,6,dollars,TD,Chad,1.5,0.1,0.0,0.0,1.5,0.1,1.6
2015,2015.12,6,dollars,TF,French Southern Territories,0.0,0.0,0.0,0.0,0.0,0.0,0.0
2015,2015.12,6,dollars,TG,Togo,2.5,0.0,0.1,0.0,2.6,0.0,2.6
2015,2015.12,6,dollars,TH,Thailand,774.6,2083.3,216.5,199.0,991.1,2282.3,3273.4
2015,2015.12,6,dollars,TJ,Tajikistan,0.0,0.0,0.2,0.1,0.2,0.1,0.2
2015,2015.12,6,dollars,TK,Tokelau,0.0,0.1,0.6,2.1,0.7,2.2,2.9
2015,2015.12,6,dollars,TL,Timor-Leste,2.2,0.7,2.3,4.1,4.5,4.8,9.3
2015,2015.12,6,dollars,TM,Turkmenistan,0.0,0.0,0.0,0.0,0.0,0.0,0.0
2015,2015.12,6,dollars,TN,Tunisia,6.5,4.8,0.3,0.1,6.8,4.9,11.7
2015,2015.12,6,dollars,TO,Tonga,65.5,2.3,77.3,65.0,142.7,67.3,210.1
2015,2015.12,6,dollars,TR,Turkey,109.8,170.6,8.9,15.4,118.6,186.0,304.7
2015,2015.12,6,dollars,TT,Trinidad and Tobago,53.6,1.1,0.8,0.7,54.4,1.8,56.1
2015,2015.12,6,dollars,TV,Tuvalu,4.6,0.0,3.5,1.2,8.1,1.2,9.3
2015,2015.12,6,dollars,TW,Taiwan,1113.7,753.8,165.5,47.3,1279.2,801.2,2080.4
2015,2015.12,6,dollars,TZ,Tanzania,4.7,3.9,1.3,0.9,6.0,4.8,10.8
2015,2015.12,6,dollars,UA,Ukraine,8.1,12.9,8.4,1.8,16.4,14.6,31.1
2015,2015.12,6,dollars,UG,Uganda,1.0,0.6,0.8,0.5,1.7,1.1,2.8
2015,2015.12,6,dollars,UM,United States Minor Outlying Islands,0.0,0.0,0.0,0.0,0.0,0.0,0.0
2015,2015.12,6,dollars,US,United States of America,5757.8,5891.4,2812.1,2151.8,8569.9,8043.2,16613.1
2015,2015.12,6,dollars,UY,Uruguay,21.4,5.2,7.7,1.3,29.1,6.6,35.7
2015,2015.12,6,dollars,UZ,Uzbekistan,3.5,0.0,0.9,0.2,4.5,0.2,4.7
2015,2015.12,6,dollars,VA,Vatican City State,0.0,0.0,0.0,0.0,0.0,0.0,0.0
2015,2015.12,6,dollars,VC,St Vincent and the Grenadines,1.7,0.0,0.1,0.1,1.8,0.1,1.9
2015,2015.12,6,dollars,VE,Venezuela,309.6,0.2,2.1,3.4,311.7,3.6,315.3
2015,2015.12,6,dollars,VG,"Virgin Islands, British",0.5,0.1,0.9,0.5,1.4,0.5,1.9
2015,2015.12,6,dollars,VI,"Virgin Islands, United States",0.2,0.0,0.2,0.0,0.4,0.0,0.4
2015,2015.12,6,dollars,VN,Viet Nam,519.5,590.6,82.1,48.9,601.6,639.5,1241.1
2015,2015.12,6,dollars,VU,Vanuatu,53.1,0.8,27.3,44.2,80.4,45.0,125.3
2015,2015.12,6,dollars,WF,Wallis and Futuna,1.4,0.0,0.6,0.3,2.1,0.3,2.4
2015,2015.12,6,dollars,WS,Samoa,111.1,4.8,109.1,146.1,220.2,151.0,371.2
2015,2015.12,6,dollars,YE,Yemen,27.9,0.1,0.2,0.0,28.1,0.2,28.3
2015,2015.12,6,dollars,YT,Mayotte,1.1,0.0,0.1,0.0,1.1,0.0,1.1
2015,2015.12,6,dollars,ZA,South Africa,206.8,157.7,74.2,44.7,281.0,202.4,483.4
2015,2015.12,6,dollars,ZM,Zambia,1.3,0.9,0.9,0.6,2.3,1.5,3.8
2015,2015.12,6,dollars,ZW,Zimbabwe,8.5,3.1,2.1,1.3,10.5,4.5,15.0
2016,2016.12,6,dollars,AD,Andorra,0.0,0.0,0.3,0.4,0.3,0.4,0.6
2016,2016.12,6,dollars,AE,United Arab Emirates,621.4,1034.5,131.1,196.3,752.4,1230.8,1983.3
2016,2016.12,6,dollars,AF,Afghanistan,0.8,0.1,1.5,4.3,2.3,4.4,6.7
2016,2016.12,6,dollars,AG,Antigua and Barbuda,1.4,0.1,0.2,0.2,1.6,0.3,1.8
2016,2016.12,6,dollars,AI,Anguilla,0.1,0.2,0.0,0.0,0.1,0.2,0.2
2016,2016.12,6,dollars,AL,Albania,0.6,0.6,0.4,0.1,0.9,0.7,1.6
2016,2016.12,6,dollars,AM,Armenia,15.4,0.1,0.3,0.2,15.7,0.3,16.0
2016,2016.12,6,dollars,AN,Curacao,0.0,0.0,0.0,0.0,0.0,0.0,0.0
2016,2016.12,6,dollars,AO,Angola,11.4,0.0,0.3,0.3,11.7,0.3,11.9
2016,2016.12,6,dollars,AQ,Antarctica,0.3,3.4,0.8,0.5,1.1,3.9,5.0
2016,2016.12,6,dollars,AR,Argentina,23.2,176.0,89.5,40.1,112.8,216.1,328.9
2016,2016.12,6,dollars,AS,"Samoa, American",28.5,0.7,7.1,5.2,35.6,5.9,41.5
2016,2016.12,6,dollars,AT,Austria,24.3,198.2,35.9,31.4,60.2,229.6,289.7
2016,2016.12,6,dollars,AU,Australia,8277.0,6220.8,4650.7,5047.4,12927.7,11268.1,24195.8
2016,2016.12,6,dollars,AW,Aruba,0.9,0.1,1.6,0.2,2.5,0.3,2.8
2016,2016.12,6,dollars,AZ,Azerbaijan,52.4,1.0,0.3,0.3,52.7,1.3,53.9
2016,2016.12,6,dollars,BA,Bosnia and Herzegovina,0.2,3.1,0.0,0.4,0.2,3.4,3.7
2016,2016.12,6,dollars,BB,Barbados,24.7,1.1,1.0,3.4,25.7,4.5,30.2
2016,2016.12,6,dollars,BD,Bangladesh,218.1,106.9,21.8,3.4,239.9,110.3,350.2
2016,2016.12,6,dollars,BE,Belgium,198.9,328.9,47.8,62.5,246.7,391.4,638.1
2016,2016.12,6,dollars,BF,Burkina Faso,2.5,0.0,0.2,0.1,2.6,0.1,2.7
2016,2016.12,6,dollars,BG,Bulgaria,12.6,25.5,2.0,0.8,14.6,26.3,40.9
2016,2016.12,6,dollars,BH,Bahrain,63.4,8.7,6.3,5.5,69.6,14.2,83.8
2016,2016.12,6,dollars,BI,Burundi,0.0,0.0,0.0,0.0,0.0,0.0,0.1
2016,2016.12,6,dollars,BJ,Benin,4.1,0.0,0.1,0.0,4.1,0.0,4.1
2016,2016.12,6,dollars,BM,Bermuda,8.3,1.0,5.9,52.7,14.2,53.6,67.9
2016,2016.12,6,dollars,BN,Brunei Darussalam,5.0,206.5,16.1,1.0,21.2,207.5,228.6
2016,2016.12,6,dollars,BO,Bolivia,2.5,6.4,0.9,0.8,3.4,7.2,10.7
2016,2016.12,6,dollars,BR,Brazil,77.7,193.9,157.3,31.6,235.1,225.5,460.5
2016,2016.12,6,dollars,BS,Bahamas,1.4,0.0,5.1,1.2,6.5,1.2,7.7
2016,2016.12,6,dollars,BT,Bhutan,0.9,0.0,0.5,0.2,1.4,0.2,1.6
2016,2016.12,6,dollars,BW,Botswana,0.1,0.0,1.1,1.2,1.3,1.3,2.5
2016,2016.12,6,dollars,BY,Belarus,0.6,3.4,0.7,0.2,1.2,3.6,4.8
2016,2016.12,6,dollars,BZ,Belize,0.4,0.4,1.5,0.2,2.0,0.5,2.5
2016,2016.12,6,dollars,CA,Canada,597.5,641.7,374.1,140.4,971.6,782.1,1753.7
2016,2016.12,6,dollars,CC,Cocos (Keeling) Islands,0.0,0.0,0.0,0.0,0.0,0.0,0.0
2016,2016.12,6,dollars,CD,"Congo, the Democratic Republic of the",12.6,0.3,0.3,0.3,12.9,0.6,13.5
2016,2016.12,6,dollars,CF,Central African Republic,0.0,0.0,0.0,0.0,0.0,0.0,0.0
2016,2016.12,6,dollars,CG,Congo,5.5,0.0,0.5,0.2,6.0,0.3,6.2
2016,2016.12,6,dollars,CH,Switzerland,86.1,352.0,193.8,422.7,279.9,774.7,1054.6
2016,2016.12,6,dollars,CI,Cote D'Ivoire,19.9,0.4,0.1,0.2,20.0,0.6,20.6
2016,2016.12,6,dollars,CK,Cook Islands,101.8,0.4,42.6,227.9,144.4,228.4,372.8
2016,2016.12,6,dollars,CL,Chile,128.4,100.9,59.4,10.9,187.8,111.8,299.6
2016,2016.12,6,dollars,CM,Cameroon,19.6,1.1,0.4,0.1,20.0,1.2,21.2
2016,2016.12,6,dollars,CN,"China, People's Republic of",9432.0,9957.5,3054.7,611.6,12486.7,10569.1,23055.8
2016,2016.12,6,dollars,CO,Colombia,12.4,21.2,44.1,2.8,56.5,24.0,80.5
2016,2016.12,6,dollars,CR,Costa Rica,12.1,35.7,2.9,3.2,15.1,38.8,53.9
2016,2016.12,6,dollars,CU,Cuba,38.1,1.2,1.2,3.0,39.3,4.3,43.6
2016,2016.12,6,dollars,CV,Cabo Verde,0.0,0.0,0.0,0.0,0.0,0.0,0.0
2016,2016.12,6,dollars,CW,Curacao,0.7,0.0,110.1,0.0,110.7,0.1,110.8
2016,2016.12,6,dollars,CX,Christmas Island,0.0,2.3,0.1,0.0,0.1,2.3,2.3
2016,2016.12,6,dollars,CY,Cyprus,15.5,1.9,1.4,50.3,16.9,52.2,69.1
2016,2016.12,6,dollars,CZ,Czechia,10.3,145.5,19.1,4.5,29.4,150.1,179.5
2016,2016.12,6,dollars,DE,Germany,680.2,2387.7,835.5,731.0,1515.7,3118.6,4634.3
2016,2016.12,6,dollars,DJ,Djibouti,3.6,0.9,0.1,0.0,3.7,0.9,4.6
2016,2016.12,6,dollars,DK,Denmark,148.7,191.4,215.1,587.6,363.8,778.9,1142.7
2016,2016.12,6,dollars,DM,Dominica,0.0,0.4,0.1,0.0,0.1,0.4,0.5
2016,2016.12,6,dollars,DO,Dominican Republic,15.8,16.9,2.0,1.1,17.8,18.0,35.9
2016,2016.12,6,dollars,DZ,Algeria,695.8,0.2,0.2,0.2,696.1,0.4,696.5
2016,2016.12,6,dollars,EC,Ecuador,8.6,59.5,6.0,2.0,14.6,61.5,76.1
2016,2016.12,6,dollars,EE,Estonia,3.7,8.5,2.0,0.4,5.7,8.9,14.6
2016,2016.12,6,dollars,EG,Egypt,426.0,9.2,2.7,5.2,428.7,14.4,443.2
2016,2016.12,6,dollars,ER,Eritrea,0.0,0.0,0.0,0.0,0.0,0.0,0.1
2016,2016.12,6,dollars,ES,Spain,270.6,368.9,67.9,27.2,338.5,396.2,734.7
2016,2016.12,6,dollars,ET,Ethiopia,3.8,5.8,0.6,3.7,4.5,9.5,14.0
2016,2016.12,6,dollars,FI,Finland,21.2,157.0,20.1,4.1,41.3,161.1,202.4
2016,2016.12,6,dollars,FJ,Fiji,472.3,60.4,164.3,337.4,636.5,397.9,1034.4
2016,2016.12,6,dollars,FK,Falkland Islands,0.1,0.0,0.2,0.2,0.3,0.2,0.5
2016,2016.12,6,dollars,FM,"Micronesia, Federated States of",5.2,0.0,1.2,0.2,6.4,0.2,6.5
2016,2016.12,6,dollars,FO,Faeroe Islands,4.6,0.0,0.2,0.0,4.8,0.1,4.9
2016,2016.12,6,dollars,FR,France,350.8,1120.0,424.8,118.6,775.5,1238.6,2014.1
2016,2016.12,6,dollars,GA,Gabon,2.0,0.4,0.2,0.0,2.2,0.4,2.5
2016,2016.12,6,dollars,GB,United Kingdom,1462.8,1384.9,1379.2,830.1,2842.0,2215.0,5057.0
2016,2016.12,6,dollars,GD,Grenada,2.1,0.0,0.1,0.1,2.2,0.1,2.3
2016,2016.12,6,dollars,GE,Georgia,3.3,0.2,0.3,0.4,3.6,0.6,4.2
2016,2016.12,6,dollars,GF,French Guiana,0.4,0.0,0.2,0.0,0.6,0.0,0.7
2016,2016.12,6,dollars,GH,Ghana,32.3,9.9,1.9,0.8,34.2,10.7,45.0
2016,2016.12,6,dollars,GI,Gibraltar,1.1,0.0,2.1,4.0,3.2,4.0,7.2
2016,2016.12,6,dollars,GL,Greenland,0.0,0.0,0.0,0.0,0.0,0.0,0.1
2016,2016.12,6,dollars,GM,Gambia,1.0,0.0,1.0,0.0,1.9,0.0,1.9
2016,2016.12,6,dollars,GN,Guinea,3.0,1.4,0.1,0.4,3.1,1.7,4.9
2016,2016.12,6,dollars,GP,Guadeloupe,5.8,0.1,0.5,0.2,6.3,0.3,6.6
2016,2016.12,6,dollars,GQ,Equatorial Guinea,0.6,0.0,0.0,0.0,0.6,0.0,0.6
2016,2016.12,6,dollars,GR,Greece,47.1,27.3,4.7,9.4,51.8,36.7,88.5
2016,2016.12,6,dollars,GS,South Georgia and the South Sandwich Islands,0.0,0.0,0.2,0.0,0.2,0.0,0.2
2016,2016.12,6,dollars,GT,Guatemala,25.0,5.5,0.8,0.9,25.8,6.4,32.1
2016,2016.12,6,dollars,GU,Guam,8.6,0.0,1.5,1.0,10.1,1.0,11.1
2016,2016.12,6,dollars,GW,Guinea-Bissau,0.1,0.0,0.0,0.0,0.1,0.0,0.1
2016,2016.12,6,dollars,GY,Guyana,19.2,2.5,0.4,0.0,19.6,2.5,22.1
2016,2016.12,6,dollars,HK,Hong Kong (Special Administrative Region),795.4,98.7,365.6,288.1,1161.1,386.7,1547.8
2016,2016.12,6,dollars,HN,Honduras,0.5,3.4,0.3,0.1,0.8,3.4,4.3
2016,2016.12,6,dollars,HR,Croatia,5.6,4.2,2.6,6.4,8.3,10.6,18.9
2016,2016.12,6,dollars,HT,Haiti,0.3,0.9,3.2,0.1,3.5,1.0,4.5
2016,2016.12,6,dollars,HU,Hungary,3.0,63.2,6.2,2.7,9.2,65.9,75.1
2016,2016.12,6,dollars,ID,Indonesia,868.3,629.9,108.4,119.6,976.7,749.5,1726.2
2016,2016.12,6,dollars,IE,Ireland,53.7,259.6,52.0,148.6,105.8,408.2,514.0
2016,2016.12,6,dollars,IL,Israel,21.2,107.2,20.6,4.7,41.7,111.9,153.6
2016,2016.12,6,dollars,IN,India,638.5,566.6,1146.0,245.5,1784.5,812.1,2596.6
2016,2016.12,6,dollars,IO,British Indian Ocean Territory,0.0,0.0,0.1,0.0,0.1,0.0,0.1
2016,2016.12,6,dollars,IQ,Iraq,5.6,0.0,2.2,1.0,7.8,1.0,8.7
2016,2016.12,6,dollars,IR,Iran,151.2,4.6,5.9,8.5,157.0,13.2,170.2
2016,2016.12,6,dollars,IS,Iceland,12.0,6.1,1.8,1.0,13.8,7.2,20.9
2016,2016.12,6,dollars,IT,Italy,376.3,1008.5,73.8,56.7,450.1,1065.2,1515.4
2016,2016.12,6,dollars,JM,Jamaica,32.8,7.7,0.4,0.2,33.2,7.9,41.1
2016,2016.12,6,dollars,JO,Jordan,73.0,2.2,1.6,2.2,74.6,4.3,78.9
2016,2016.12,6,dollars,JP,Japan,2975.0,3382.4,865.1,200.8,3840.1,3583.1,7423.2
2016,2016.12,6,dollars,KE,Kenya,8.1,3.6,6.6,2.3,14.7,5.9,20.6
2016,2016.12,6,dollars,KG,Kyrgyzstan,0.0,0.0,0.2,0.2,0.2,0.2,0.5
2016,2016.12,6,dollars,KH,Cambodia,8.2,23.1,14.8,13.1,23.1,36.2,59.2
2016,2016.12,6,dollars,KI,Kiribati,12.8,0.0,6.4,6.5,19.1,6.5,25.6
2016,2016.12,6,dollars,KM,Comoros,0.0,0.0,0.0,0.0,0.1,0.0,0.1
2016,2016.12,6,dollars,KN,St Kitts and Nevis,0.1,0.0,0.0,0.0,0.2,0.0,0.2
2016,2016.12,6,dollars,KR,"Korea, Republic of",1493.6,2092.7,597.2,160.6,2090.8,2253.3,4344.1
2016,2016.12,6,dollars,KW,Kuwait,66.3,3.6,5.8,1.0,72.1,4.6,76.7
2016,2016.12,6,dollars,KY,Cayman Islands,1.1,0.1,4.0,0.3,5.1,0.4,5.5
2016,2016.12,6,dollars,KZ,Kazakhstan,2.8,1.0,3.2,0.6,6.0,1.6,7.6
2016,2016.12,6,dollars,LA,Laos,1.0,8.9,4.2,2.0,5.2,10.9,16.1
2016,2016.12,6,dollars,LB,Lebanon,14.2,1.5,0.7,0.6,14.8,2.1,16.9
2016,2016.12,6,dollars,LC,St Lucia,3.5,0.0,0.0,0.0,3.5,0.0,3.6
2016,2016.12,6,dollars,LI,Liechtenstein,0.0,0.5,0.5,0.8,0.5,1.3,1.8
2016,2016.12,6,dollars,LK,Sri Lanka,243.4,51.9,51.5,16.6,294.9,68.4,363.3
2016,2016.12,6,dollars,LR,Liberia,1.7,0.0,1.0,0.1,2.7,0.1,2.8
2016,2016.12,6,dollars,LS,Lesotho,0.0,0.6,0.3,0.1,0.3,0.7,1.0
2016,2016.12,6,dollars,LT,Lithuania,20.3,33.4,2.6,1.4,22.8,34.8,57.7
2016,2016.12,6,dollars,LU,Luxembourg,1.9,6.8,3.5,3.4,5.4,10.2,15.6
2016,2016.12,6,dollars,LV,Latvia,10.4,7.2,1.3,0.7,11.7,8.0,19.7
2016,2016.12,6,dollars,LY,Libya,62.3,0.0,0.3,0.0,62.6,0.0,62.6
2016,2016.12,6,dollars,MA,Morocco,71.5,80.0,2.4,1.7,73.9,81.6,155.5
2016,2016.12,6,dollars,MC,Monaco,0.0,0.1,30.9,0.9,30.9,1.0,31.9
2016,2016.12,6,dollars,MD,Moldova,0.3,0.2,0.3,0.1,0.6,0.3,0.9
2016,2016.12,6,dollars,ME,Montenegro,0.3,0.0,0.0,0.0,0.3,0.0,0.3
2016,2016.12,6,dollars,MG,Madagascar,2.3,1.4,0.1,0.5,2.4,1.9,4.3
2016,2016.12,6,dollars,MH,Marshall Islands,5.7,0.0,5.3,0.1,11.0,0.1,11.1
2016,2016.12,6,dollars,MK,Former Yugoslav Republic of Macedonia (FYROM),0.0,0.4,0.5,0.9,0.5,1.3,1.8
2016,2016.12,6,dollars,ML,Mali,7.7,0.0,0.1,0.2,7.7,0.2,8.0
2016,2016.12,6,dollars,MM,Myanmar,40.2,3.5,9.0,4.5,49.2,8.0,57.2
2016,2016.12,6,dollars,MN,Mongolia,10.6,0.6,2.0,0.9,12.5,1.5,14.1
2016,2016.12,6,dollars,MO,Macau (Special Administrative Region),8.2,0.7,7.9,1.1,16.1,1.8,18.0
2016,2016.12,6,dollars,MP,Northern Mariana Islands,4.2,0.0,0.6,0.0,4.9,0.0,4.9
2016,2016.12,6,dollars,MQ,Martinique,3.7,0.0,0.0,0.0,3.7,0.0,3.7
2016,2016.12,6,dollars,MR,Mauritania,2.2,0.1,0.0,0.0,2.2,0.1,2.2
2016,2016.12,6,dollars,MS,Montserrat,0.0,0.0,0.0,0.0,0.0,0.0,0.0
2016,2016.12,6,dollars,MT,Malta,5.4,4.0,2.7,0.9,8.1,5.0,13.1
2016,2016.12,6,dollars,MU,Mauritius,71.3,2.3,2.8,2.0,74.2,4.3,78.4
2016,2016.12,6,dollars,MV,Maldives,18.1,0.0,1.7,1.2,19.8,1.2,21.0
2016,2016.12,6,dollars,MW,Malawi,0.2,0.3,0.3,0.6,0.5,0.9,1.4
2016,2016.12,6,dollars,MX,Mexico,467.1,269.3,40.1,19.7,507.2,289.0,796.2
2016,2016.12,6,dollars,MY,Malaysia,796.6,1283.5,257.9,135.1,1054.6,1418.6,2473.2
2016,2016.12,6,dollars,MZ,Mozambique,6.0,0.9,0.4,0.0,6.4,0.9,7.3
2016,2016.12,6,dollars,NA,Namibia,0.4,0.7,0.6,1.1,1.0,1.8,2.8
2016,2016.12,6,dollars,NC,New Caledonia,154.1,2.3,62.1,35.4,216.3,37.7,254.0
2016,2016.12,6,dollars,NE,Niger,0.1,0.1,1.9,0.0,1.9,0.1,2.0
2016,2016.12,6,dollars,NF,Norfolk Island,20.0,0.1,1.9,8.3,21.9,8.4,30.4
2016,2016.12,6,dollars,NG,Nigeria,178.8,0.0,1.9,1.0,180.7,1.0,181.7
2016,2016.12,6,dollars,NI,Nicaragua,24.8,1.7,2.3,0.1,27.1,1.7,28.9
2016,2016.12,6,dollars,NL,Netherlands,808.3,527.7,150.6,186.6,958.8,714.2,1673.1
2016,2016.12,6,dollars,NO,Norway,48.2,76.6,45.7,6.4,93.9,82.9,176.8
2016,2016.12,6,dollars,NP,Nepal,11.9,1.2,38.0,6.2,49.9,7.4,57.3
2016,2016.12,6,dollars,NR,Nauru,1.6,4.3,0.8,2.0,2.4,6.3,8.7
2016,2016.12,6,dollars,NZ,New Zealand,0.0,200.6,0.0,0.0,0.0,200.6,200.6
2016,2016.12,6,dollars,OM,Oman,86.7,46.5,10.6,1.9,97.3,48.3,145.7
2016,2016.12,6,dollars,PA,Panama,46.9,1.1,2.4,1.3,49.3,2.4,51.7
2016,2016.12,6,dollars,PE,Peru,71.8,43.3,5.4,6.7,77.2,50.0,127.2
2016,2016.12,6,dollars,PF,French Polynesia,191.0,2.4,75.2,22.5,266.2,24.9,291.1
2016,2016.12,6,dollars,PG,Papua New Guinea,178.4,9.4,48.8,18.3,227.2,27.7,254.9
2016,2016.12,6,dollars,PH,Philippines,633.6,111.0,212.2,107.7,845.8,218.6,1064.5
2016,2016.12,6,dollars,PK,Pakistan,85.1,69.4,7.4,6.1,92.5,75.5,168.0
2016,2016.12,6,dollars,PL,Poland,63.9,130.5,19.8,7.8,83.8,138.3,222.0
2016,2016.12,6,dollars,PM,St Pierre and Miquelon,0.0,0.0,0.0,0.1,0.0,0.1,0.1
2016,2016.12,6,dollars,PN,Pitcairn,0.7,0.1,0.1,0.3,0.7,0.4,1.1
2016,2016.12,6,dollars,PR,Puerto Rico,1.9,16.4,1.2,0.1,3.2,16.5,19.7
2016,2016.12,6,dollars,PT,Portugal,33.3,37.0,6.7,4.7,40.0,41.7,81.7
2016,2016.12,6,dollars,PW,Palau,0.9,0.0,0.3,0.1,1.2,0.1,1.3
2016,2016.12,6,dollars,PY,Paraguay,0.9,0.3,1.3,0.1,2.2,0.4,2.6
2016,2016.12,6,dollars,QA,Qatar,29.4,208.5,6.3,1.2,35.8,209.8,245.5
2016,2016.12,6,dollars,RE,Reunion,10.6,0.0,1.2,0.1,11.8,0.1,11.9
2016,2016.12,6,dollars,RO,Romania,4.8,16.9,4.6,2.2,9.4,19.2,28.5
2016,2016.12,6,dollars,RS,Serbia,0.9,3.3,0.2,0.0,1.1,3.3,4.4
2016,2016.12,6,dollars,RU,Russia,221.0,136.7,48.5,11.9,269.5,148.6,418.0
2016,2016.12,6,dollars,RW,Rwanda,0.6,0.5,0.5,0.3,1.1,0.8,1.9
2016,2016.12,6,dollars,SA,Saudi Arabia,511.9,651.1,105.3,8.7,617.1,659.8,1276.9
2016,2016.12,6,dollars,SB,Solomon Islands,29.1,5.7,14.1,9.6,43.2,15.3,58.5
2016,2016.12,6,dollars,SC,Seychelles,5.4,0.6,1.4,0.4,6.7,1.0,7.8
2016,2016.12,6,dollars,SD,Sudan,61.6,0.0,0.4,0.1,62.0,0.1,62.1
2016,2016.12,6,dollars,SE,Sweden,62.9,295.5,60.3,11.8,123.2,307.3,430.5
2016,2016.12,6,dollars,SG,Singapore,1125.8,1375.9,393.7,1338.0,1519.5,2713.9,4233.5
2016,2016.12,6,dollars,SH,St Helena,0.0,0.0,0.0,0.0,0.0,0.0,0.0
2016,2016.12,6,dollars,SI,Slovenia,3.5,16.9,2.7,1.1,6.2,18.0,24.2
2016,2016.12,6,dollars,SK,Slovakia,0.9,70.0,4.5,1.0,5.4,71.0,76.5
2016,2016.12,6,dollars,SL,Sierra Leone,3.5,0.6,0.8,0.6,4.3,1.3,5.6
2016,2016.12,6,dollars,SM,San Marino,0.0,0.1,0.1,0.2,0.1,0.2,0.3
2016,2016.12,6,dollars,SN,Senegal,18.5,1.7,0.4,0.1,18.9,1.7,20.6
2016,2016.12,6,dollars,SO,Somalia,3.3,0.0,0.1,0.2,3.3,0.2,3.6
2016,2016.12,6,dollars,SR,Suriname,0.1,0.5,0.0,0.0,0.1,0.5,0.6
2016,2016.12,6,dollars,SS,South Sudan,0.0,0.0,0.2,0.1,0.2,0.2,0.3
2016,2016.12,6,dollars,ST,Sao Tome and Principe,0.0,0.0,0.0,0.0,0.0,0.0,0.0
2016,2016.12,6,dollars,SV,El Salvador,10.6,1.9,0.4,0.0,11.0,1.9,12.9
2016,2016.12,6,dollars,SX,St Maarten (Dutch part),1.0,0.4,0.0,0.1,1.0,0.5,1.4
2016,2016.12,6,dollars,SY,Syria,14.3,0.0,0.8,0.0,15.0,0.0,15.0
2016,2016.12,6,dollars,SZ,Eswatini,0.0,0.4,0.2,0.2,0.2,0.6,0.9
2016,2016.12,6,dollars,TC,Turks and Caicos Islands,0.3,0.0,0.0,1.5,0.4,1.5,1.9
2016,2016.12,6,dollars,TD,Chad,0.4,0.0,0.1,0.0,0.5,0.0,0.5
2016,2016.12,6,dollars,TF,French Southern Territories,0.0,0.0,0.0,0.0,0.0,0.0,0.0
2016,2016.12,6,dollars,TG,Togo,0.7,0.0,0.0,0.0,0.7,0.0,0.7
2016,2016.12,6,dollars,TH,Thailand,825.3,2233.8,214.1,181.3,1039.4,2415.1,3454.5
2016,2016.12,6,dollars,TJ,Tajikistan,0.0,0.0,0.2,0.1,0.2,0.1,0.3
2016,2016.12,6,dollars,TK,Tokelau,0.0,0.1,1.0,2.0,1.1,2.0,3.1
2016,2016.12,6,dollars,TL,Timor-Leste,2.7,0.3,2.1,3.8,4.9,4.1,9.0
2016,2016.12,6,dollars,TM,Turkmenistan,0.0,0.0,0.0,0.0,0.0,0.0,0.0
2016,2016.12,6,dollars,TN,Tunisia,4.0,5.2,0.1,0.0,4.1,5.2,9.4
2016,2016.12,6,dollars,TO,Tonga,78.3,2.1,80.5,67.5,158.8,69.6,228.4
2016,2016.12,6,dollars,TR,Turkey,101.9,167.9,7.9,9.7,109.7,177.6,287.3
2016,2016.12,6,dollars,TT,Trinidad and Tobago,48.8,1.2,0.6,0.6,49.3,1.8,51.1
2016,2016.12,6,dollars,TV,Tuvalu,3.9,0.0,3.9,1.3,7.9,1.3,9.2
2016,2016.12,6,dollars,TW,Taiwan,1087.7,722.7,170.5,46.3,1258.3,769.0,2027.3
2016,2016.12,6,dollars,TZ,Tanzania,5.0,9.1,1.0,1.8,6.1,10.9,17.0
2016,2016.12,6,dollars,UA,Ukraine,10.0,6.4,8.1,1.4,18.0,7.8,25.8
2016,2016.12,6,dollars,UG,Uganda,0.9,1.2,0.7,0.6,1.6,1.8,3.4
2016,2016.12,6,dollars,UM,United States Minor Outlying Islands,0.0,0.0,0.0,0.3,0.0,0.3,0.3
2016,2016.12,6,dollars,US,United States of America,5298.6,5573.6,3072.3,2584.1,8370.9,8157.7,16528.6
2016,2016.12,6,dollars,UY,Uruguay,22.9,7.5,8.2,2.4,31.1,9.9,41.0
2016,2016.12,6,dollars,UZ,Uzbekistan,3.3,0.0,0.8,0.2,4.1,0.2,4.3
2016,2016.12,6,dollars,VA,Vatican City State,0.0,0.0,0.0,0.0,0.0,0.0,0.0
2016,2016.12,6,dollars,VC,St Vincent and the Grenadines,1.3,0.1,0.0,0.0,1.3,0.1,1.4
2016,2016.12,6,dollars,VE,Venezuela,75.7,0.1,2.2,0.7,77.9,0.8,78.7
2016,2016.12,6,dollars,VG,"Virgin Islands, British",0.3,0.0,0.4,0.8,0.7,0.8,1.5
2016,2016.12,6,dollars,VI,"Virgin Islands, United States",0.6,0.1,0.1,0.0,0.7,0.1,0.8
2016,2016.12,6,dollars,VN,Viet Nam,515.6,634.9,82.6,67.3,598.2,702.2,1300.4
2016,2016.12,6,dollars,VU,Vanuatu,51.4,0.7,31.9,38.4,83.3,39.1,122.4
2016,2016.12,6,dollars,WF,Wallis and Futuna,3.8,0.0,0.5,0.3,4.4,0.3,4.7
2016,2016.12,6,dollars,WS,Samoa,109.4,5.0,101.1,149.4,210.5,154.3,364.8
2016,2016.12,6,dollars,YE,Yemen,37.1,0.0,0.2,0.0,37.4,0.1,37.5
2016,2016.12,6,dollars,YT,Mayotte,0.8,0.0,0.0,0.0,0.8,0.0,0.8
2016,2016.12,6,dollars,ZA,South Africa,179.7,150.9,82.1,48.5,261.8,199.3,461.2
2016,2016.12,6,dollars,ZM,Zambia,2.0,0.1,1.0,0.7,3.0,0.8,3.8
2016,2016.12,6,dollars,ZW,Zimbabwe,1.2,2.2,2.4,1.9,3.6,4.1,7.7
2017,2017.12,6,dollars,AD,Andorra,0.0,0.0,0.4,0.1,0.4,0.1,0.5
2017,2017.12,6,dollars,AE,United Arab Emirates,874.5,1911.2,145.1,219.4,1019.6,2130.6,3150.2
2017,2017.12,6,dollars,AF,Afghanistan,0.4,0.1,1.7,5.6,2.1,5.7,7.8
2017,2017.12,6,dollars,AG,Antigua and Barbuda,1.5,0.1,0.5,1.7,2.0,1.7,3.7
2017,2017.12,6,dollars,AI,Anguilla,0.0,0.1,-1.5,0.3,-1.5,0.4,-1.1
2017,2017.12,6,dollars,AL,Albania,0.2,0.5,0.7,0.2,0.9,0.7,1.5
2017,2017.12,6,dollars,AM,Armenia,16.7,0.1,0.4,0.1,17.2,0.2,17.4
2017,2017.12,6,dollars,AN,Curacao,0.0,0.0,0.0,0.0,0.0,0.0,0.0
2017,2017.12,6,dollars,AO,Angola,29.1,0.0,1.0,0.4,30.1,0.4,30.5
2017,2017.12,6,dollars,AQ,Antarctica,0.3,0.0,2.7,1.3,2.9,1.3,4.2
2017,2017.12,6,dollars,AR,Argentina,23.0,212.1,122.4,29.4,145.4,241.5,386.9
2017,2017.12,6,dollars,AS,"Samoa, American",21.8,1.1,7.6,2.9,29.4,4.0,33.3
2017,2017.12,6,dollars,AT,Austria,29.1,232.2,40.9,43.2,70.0,275.5,345.5
2017,2017.12,6,dollars,AU,Australia,8807.8,6641.4,4866.1,5337.6,13673.8,11979.0,25652.8
2017,2017.12,6,dollars,AW,Aruba,1.2,0.1,0.8,0.0,2.0,0.1,2.1
2017,2017.12,6,dollars,AZ,Azerbaijan,66.5,0.2,0.3,0.4,66.9,0.6,67.4
2017,2017.12,6,dollars,BA,Bosnia and Herzegovina,0.2,2.7,0.2,0.4,0.4,3.1,3.4
2017,2017.12,6,dollars,BB,Barbados,26.2,1.4,3.8,4.7,30.0,6.1,36.0
2017,2017.12,6,dollars,BD,Bangladesh,309.3,105.4,23.4,5.7,332.7,111.0,443.7
2017,2017.12,6,dollars,BE,Belgium,247.5,385.4,62.6,74.0,310.2,459.4,769.6
2017,2017.12,6,dollars,BF,Burkina Faso,1.2,0.0,0.1,0.1,1.3,0.1,1.4
2017,2017.12,6,dollars,BG,Bulgaria,12.3,29.8,3.7,1.7,16.0,31.5,47.5
2017,2017.12,6,dollars,BH,Bahrain,38.0,5.2,3.8,2.9,41.7,8.1,49.8
2017,2017.12,6,dollars,BI,Burundi,0.0,0.0,0.0,0.1,0.0,0.1,0.1
2017,2017.12,6,dollars,BJ,Benin,1.2,0.0,0.1,0.0,1.2,0.0,1.2
2017,2017.12,6,dollars,BM,Bermuda,12.0,0.1,7.0,52.9,19.0,53.0,72.0
2017,2017.12,6,dollars,BN,Brunei Darussalam,5.4,0.0,6.3,1.1,11.7,1.1,12.8
2017,2017.12,6,dollars,BO,Bolivia,2.4,6.3,2.0,0.5,4.5,6.8,11.3
2017,2017.12,6,dollars,BR,Brazil,79.6,167.0,186.8,24.3,266.3,191.4,457.7
2017,2017.12,6,dollars,BS,Bahamas,2.3,0.0,6.1,1.4,8.4,1.5,9.9
2017,2017.12,6,dollars,BT,Bhutan,1.4,0.0,0.6,0.3,2.0,0.3,2.3
2017,2017.12,6,dollars,BW,Botswana,0.0,0.0,0.7,1.2,0.7,1.2,2.0
2017,2017.12,6,dollars,BY,Belarus,1.2,2.3,1.6,0.2,2.7,2.6,5.3
2017,2017.12,6,dollars,BZ,Belize,0.8,0.6,1.7,0.1,2.6,0.8,3.3
2017,2017.12,6,dollars,CA,Canada,677.0,608.0,400.5,177.6,1077.5,785.6,1863.1
2017,2017.12,6,dollars,CC,Cocos (Keeling) Islands,0.0,0.1,0.0,0.0,0.0,0.1,0.1
2017,2017.12,6,dollars,CD,"Congo, the Democratic Republic of the",6.5,0.3,0.6,0.0,7.1,0.4,7.5
2017,2017.12,6,dollars,CF,Central African Republic,0.0,0.3,0.0,0.0,0.0,0.3,0.3
2017,2017.12,6,dollars,CG,Congo,4.0,0.0,0.3,0.0,4.3,0.1,4.4
2017,2017.12,6,dollars,CH,Switzerland,97.7,371.2,211.4,410.5,309.1,781.7,1090.8
2017,2017.12,6,dollars,CI,Cote D'Ivoire,25.3,0.0,0.1,0.2,25.5,0.2,25.6
2017,2017.12,6,dollars,CK,Cook Islands,113.6,1.7,51.1,244.8,164.7,246.5,411.2
2017,2017.12,6,dollars,CL,Chile,179.7,107.6,69.2,15.2,249.0,122.8,371.8
2017,2017.12,6,dollars,CM,Cameroon,16.8,0.9,0.4,0.1,17.2,1.0,18.2
2017,2017.12,6,dollars,CN,"China, People's Republic of",12094.1,10536.3,3067.4,745.0,15161.4,11281.3,26442.8
2017,2017.12,6,dollars,CO,Colombia,20.6,24.1,48.0,4.0,68.6,28.1,96.8
2017,2017.12,6,dollars,CR,Costa Rica,11.3,27.6,3.0,3.6,14.3,31.1,45.4
2017,2017.12,6,dollars,CU,Cuba,51.6,1.1,1.2,2.7,52.8,3.7,56.6
2017,2017.12,6,dollars,CV,Cabo Verde,0.1,0.0,0.0,0.0,0.1,0.1,0.2
2017,2017.12,6,dollars,CW,Curacao,0.7,0.0,93.8,0.4,94.5,0.4,95.0
2017,2017.12,6,dollars,CX,Christmas Island,2.7,1.8,0.0,0.0,2.7,1.8,4.5
2017,2017.12,6,dollars,CY,Cyprus,15.3,1.9,1.6,48.0,16.9,49.9,66.8
2017,2017.12,6,dollars,CZ,Czechia,13.2,157.1,24.5,4.8,37.6,161.9,199.5
2017,2017.12,6,dollars,DE,Germany,713.8,2882.5,733.9,791.3,1447.7,3673.9,5121.6
2017,2017.12,6,dollars,DJ,Djibouti,2.0,2.6,0.1,0.0,2.0,2.6,4.6
2017,2017.12,6,dollars,DK,Denmark,153.9,226.1,230.6,542.3,384.5,768.4,1152.9
2017,2017.12,6,dollars,DM,Dominica,0.0,0.0,0.1,0.0,0.2,0.1,0.2
2017,2017.12,6,dollars,DO,Dominican Republic,22.8,14.7,1.1,0.6,23.9,15.3,39.2
2017,2017.12,6,dollars,DZ,Algeria,534.4,0.1,0.3,0.2,534.7,0.3,535.0
2017,2017.12,6,dollars,EC,Ecuador,5.2,59.7,5.9,1.8,11.0,61.6,72.6
2017,2017.12,6,dollars,EE,Estonia,4.8,10.3,3.1,0.1,7.9,10.4,18.2
2017,2017.12,6,dollars,EG,Egypt,282.6,6.1,3.5,6.1,286.1,12.2,298.3
2017,2017.12,6,dollars,ER,Eritrea,0.0,0.0,0.1,0.0,0.1,0.0,0.1
2017,2017.12,6,dollars,ES,Spain,210.8,425.3,84.0,34.0,294.9,459.3,754.2
2017,2017.12,6,dollars,ET,Ethiopia,3.4,5.1,0.7,4.3,4.2,9.4,13.6
2017,2017.12,6,dollars,FI,Finland,16.4,153.9,22.1,5.1,38.6,159.1,197.6
2017,2017.12,6,dollars,FJ,Fiji,493.2,60.0,175.9,376.3,669.1,436.3,1105.4
2017,2017.12,6,dollars,FK,Falkland Islands,0.2,0.1,0.2,0.1,0.4,0.2,0.6
2017,2017.12,6,dollars,FM,"Micronesia, Federated States of",4.7,0.0,2.4,0.4,7.1,0.4,7.5
2017,2017.12,6,dollars,FO,Faeroe Islands,4.5,0.0,0.3,0.1,4.8,0.1,4.9
2017,2017.12,6,dollars,FR,France,320.8,952.4,455.5,115.8,776.3,1068.3,1844.6
2017,2017.12,6,dollars,GA,Gabon,1.9,0.3,0.1,0.0,1.9,0.3,2.3
2017,2017.12,6,dollars,GB,United Kingdom,1448.1,1655.4,1519.8,925.4,2967.9,2580.8,5548.7
2017,2017.12,6,dollars,GD,Grenada,3.7,0.0,0.3,0.0,4.1,0.0,4.1
2017,2017.12,6,dollars,GE,Georgia,5.2,0.4,0.4,0.6,5.6,1.0,6.6
2017,2017.12,6,dollars,GF,French Guiana,0.4,0.0,0.3,0.0,0.7,0.0,0.7
2017,2017.12,6,dollars,GH,Ghana,40.4,8.2,0.7,0.8,41.2,8.9,50.1
2017,2017.12,6,dollars,GI,Gibraltar,1.2,0.0,3.0,6.7,4.1,6.7,10.8
2017,2017.12,6,dollars,GL,Greenland,0.0,0.0,0.3,0.2,0.3,0.2,0.4
2017,2017.12,6,dollars,GM,Gambia,0.4,0.2,0.7,0.0,1.0,0.2,1.2
2017,2017.12,6,dollars,GN,Guinea,2.0,0.5,0.1,0.0,2.1,0.5,2.5
2017,2017.12,6,dollars,GP,Guadeloupe,6.9,0.3,0.1,0.0,7.0,0.4,7.3
2017,2017.12,6,dollars,GQ,Equatorial Guinea,0.3,0.0,0.0,0.0,0.3,0.0,0.3
2017,2017.12,6,dollars,GR,Greece,45.3,32.8,5.1,12.5,50.4,45.3,95.6
2017,2017.12,6,dollars,GS,South Georgia and the South Sandwich Islands,0.0,0.1,0.1,0.0,0.1,0.1,0.2
2017,2017.12,6,dollars,GT,Guatemala,36.1,26.0,0.9,0.3,36.9,26.3,63.2
2017,2017.12,6,dollars,GU,Guam,7.4,0.0,1.4,0.6,8.8,0.6,9.4
2017,2017.12,6,dollars,GW,Guinea-Bissau,0.0,0.0,0.0,0.0,0.0,0.0,0.0
2017,2017.12,6,dollars,GY,Guyana,24.4,2.6,0.1,0.0,24.5,2.6,27.1
2017,2017.12,6,dollars,HK,Hong Kong (Special Administrative Region),1100.5,84.8,408.0,314.4,1508.5,399.2,1907.7
2017,2017.12,6,dollars,HN,Honduras,1.3,4.5,0.2,0.0,1.4,4.6,6.0
2017,2017.12,6,dollars,HR,Croatia,2.1,4.4,3.4,9.6,5.5,14.0,19.4
2017,2017.12,6,dollars,HT,Haiti,0.7,0.6,2.3,0.3,2.9,0.9,3.8
2017,2017.12,6,dollars,HU,Hungary,4.6,81.6,8.3,3.9,12.9,85.5,98.4
2017,2017.12,6,dollars,ID,Indonesia,963.5,791.1,129.4,129.0,1093.0,920.1,2013.1
2017,2017.12,6,dollars,IE,Ireland,57.7,227.1,53.7,155.8,111.4,382.9,494.2
2017,2017.12,6,dollars,IL,Israel,28.0,164.5,24.2,11.5,52.2,176.0,228.2
2017,2017.12,6,dollars,IN,India,679.3,593.1,1170.2,265.4,1849.4,858.5,2707.9
2017,2017.12,6,dollars,IO,British Indian Ocean Territory,0.0,0.0,0.0,0.0,0.0,0.0,0.0
2017,2017.12,6,dollars,IQ,Iraq,7.1,0.0,2.3,2.1,9.4,2.1,11.5
2017,2017.12,6,dollars,IR,Iran,121.3,6.5,7.5,8.4,128.8,14.8,143.6
2017,2017.12,6,dollars,IS,Iceland,2.7,2.4,2.9,1.4,5.7,3.8,9.5
2017,2017.12,6,dollars,IT,Italy,357.9,1104.9,67.8,66.2,425.7,1171.0,1596.7
2017,2017.12,6,dollars,JM,Jamaica,33.6,7.2,1.9,0.4,35.5,7.6,43.1
2017,2017.12,6,dollars,JO,Jordan,95.8,3.0,2.2,2.0,98.0,5.0,103.0
2017,2017.12,6,dollars,JP,Japan,3205.4,3864.1,894.5,215.6,4100.0,4079.7,8179.7
2017,2017.12,6,dollars,KE,Kenya,10.8,4.1,5.9,2.5,16.7,6.6,23.3
2017,2017.12,6,dollars,KG,Kyrgyzstan,0.0,0.2,0.1,0.1,0.2,0.3,0.5
2017,2017.12,6,dollars,KH,Cambodia,8.6,27.9,18.6,16.6,27.3,44.6,71.8
2017,2017.12,6,dollars,KI,Kiribati,16.3,0.0,7.0,5.4,23.3,5.4,28.7
2017,2017.12,6,dollars,KM,Comoros,0.2,0.0,0.0,0.0,0.2,0.0,0.2
2017,2017.12,6,dollars,KN,St Kitts and Nevis,0.1,0.0,0.1,0.0,0.2,0.0,0.2
2017,2017.12,6,dollars,KR,"Korea, Republic of",1492.6,1906.7,509.5,124.3,2002.1,2031.0,4033.1
2017,2017.12,6,dollars,KW,Kuwait,122.5,31.6,5.9,0.9,128.4,32.5,161.0
2017,2017.12,6,dollars,KY,Cayman Islands,2.1,0.3,6.0,0.4,8.0,0.7,8.7
2017,2017.12,6,dollars,KZ,Kazakhstan,2.4,1.2,3.5,0.5,5.9,1.8,7.7
2017,2017.12,6,dollars,LA,Laos,1.5,2.7,4.3,2.4,5.9,5.1,10.9
2017,2017.12,6,dollars,LB,Lebanon,14.8,1.6,0.9,0.9,15.7,2.5,18.2
2017,2017.12,6,dollars,LC,St Lucia,4.6,0.0,0.0,0.0,4.6,0.0,4.6
2017,2017.12,6,dollars,LI,Liechtenstein,0.1,0.7,1.2,1.3,1.3,2.0,3.4
2017,2017.12,6,dollars,LK,Sri Lanka,401.9,60.9,66.8,21.6,468.8,82.5,551.3
2017,2017.12,6,dollars,LR,Liberia,0.8,9.9,0.7,0.0,1.5,9.9,11.4
2017,2017.12,6,dollars,LS,Lesotho,0.0,0.9,0.1,0.0,0.1,0.9,1.0
2017,2017.12,6,dollars,LT,Lithuania,17.7,56.7,4.0,1.6,21.6,58.3,79.9
2017,2017.12,6,dollars,LU,Luxembourg,2.2,7.4,5.9,6.3,8.1,13.6,21.7
2017,2017.12,6,dollars,LV,Latvia,14.1,10.3,1.9,0.7,16.0,11.0,27.0
2017,2017.12,6,dollars,LY,Libya,42.7,0.0,0.3,0.0,43.0,0.0,43.0
2017,2017.12,6,dollars,MA,Morocco,79.4,58.6,1.5,2.3,80.9,60.9,141.8
2017,2017.12,6,dollars,MC,Monaco,0.0,0.2,2.0,0.6,2.0,0.8,2.8
2017,2017.12,6,dollars,MD,Moldova,0.1,0.3,0.1,0.2,0.3,0.5,0.8
2017,2017.12,6,dollars,ME,Montenegro,0.0,0.0,0.0,0.0,0.0,0.0,0.1
2017,2017.12,6,dollars,MG,Madagascar,3.3,1.8,0.1,0.2,3.4,2.0,5.4
2017,2017.12,6,dollars,MH,Marshall Islands,5.8,0.1,3.5,0.4,9.3,0.4,9.7
2017,2017.12,6,dollars,MK,Former Yugoslav Republic of Macedonia (FYROM),0.1,0.6,0.6,1.0,0.6,1.6,2.3
2017,2017.12,6,dollars,ML,Mali,10.9,0.1,0.2,0.2,11.1,0.3,11.4
2017,2017.12,6,dollars,MM,Myanmar,40.8,5.1,7.8,4.9,48.6,10.0,58.7
2017,2017.12,6,dollars,MN,Mongolia,8.6,0.0,1.6,0.6,10.2,0.7,10.8
2017,2017.12,6,dollars,MO,Macau (Special Administrative Region),26.6,0.5,12.5,1.3,39.0,1.9,40.9
2017,2017.12,6,dollars,MP,Northern Mariana Islands,4.9,0.0,0.4,0.1,5.3,0.1,5.4
2017,2017.12,6,dollars,MQ,Martinique,5.2,0.0,0.0,0.0,5.2,0.0,5.2
2017,2017.12,6,dollars,MR,Mauritania,0.8,0.0,0.1,0.0,0.9,0.1,1.0
2017,2017.12,6,dollars,MS,Montserrat,0.0,0.0,0.0,0.0,0.0,0.0,0.1
2017,2017.12,6,dollars,MT,Malta,5.5,2.9,3.7,1.1,9.1,4.0,13.1
2017,2017.12,6,dollars,MU,Mauritius,75.1,6.5,4.3,1.5,79.4,8.0,87.4
2017,2017.12,6,dollars,MV,Maldives,30.6,0.0,1.7,1.6,32.3,1.6,33.9
2017,2017.12,6,dollars,MW,Malawi,0.0,0.3,0.6,0.4,0.6,0.7,1.3
2017,2017.12,6,dollars,MX,Mexico,360.1,321.2,43.5,18.5,403.6,339.8,743.3
2017,2017.12,6,dollars,MY,Malaysia,1016.8,1694.0,297.7,137.2,1314.6,1831.2,3145.8
2017,2017.12,6,dollars,MZ,Mozambique,7.6,0.8,0.5,0.3,8.1,1.1,9.2
2017,2017.12,6,dollars,NA,Namibia,1.8,12.0,1.1,1.1,2.8,13.1,15.9
2017,2017.12,6,dollars,NC,New Caledonia,142.5,2.3,74.5,37.2,217.0,39.4,256.4
2017,2017.12,6,dollars,NE,Niger,0.0,0.2,0.5,0.1,0.5,0.3,0.8
2017,2017.12,6,dollars,NF,Norfolk Island,8.7,0.0,1.9,5.9,10.6,5.9,16.4
2017,2017.12,6,dollars,NG,Nigeria,242.6,3.2,3.4,1.2,245.9,4.5,250.4
2017,2017.12,6,dollars,NI,Nicaragua,30.1,2.2,0.5,0.3,30.6,2.5,33.1
2017,2017.12,6,dollars,NL,Netherlands,873.8,571.5,158.3,217.0,1032.1,788.6,1820.7
2017,2017.12,6,dollars,NO,Norway,41.4,51.4,52.7,8.1,94.1,59.5,153.6
2017,2017.12,6,dollars,NP,Nepal,7.9,1.0,38.0,9.7,45.9,10.8,56.7
2017,2017.12,6,dollars,NR,Nauru,2.7,2.7,0.9,1.1,3.6,3.8,7.3
2017,2017.12,6,dollars,NZ,New Zealand,0.0,186.8,0.0,0.0,0.0,186.8,186.8
2017,2017.12,6,dollars,OM,Oman,83.8,29.9,11.2,1.1,95.0,31.0,126.0
2017,2017.12,6,dollars,PA,Panama,45.7,1.9,1.5,0.4,47.2,2.3,49.5
2017,2017.12,6,dollars,PE,Peru,117.9,40.5,6.3,5.8,124.1,46.3,170.4
2017,2017.12,6,dollars,PF,French Polynesia,175.0,2.2,93.0,31.2,268.1,33.4,301.5
2017,2017.12,6,dollars,PG,Papua New Guinea,187.7,8.8,52.8,20.8,240.5,29.6,270.2
2017,2017.12,6,dollars,PH,Philippines,704.2,115.0,259.1,126.6,963.3,241.5,1204.8
2017,2017.12,6,dollars,PK,Pakistan,131.8,68.2,9.2,6.7,141.0,74.9,215.9
2017,2017.12,6,dollars,PL,Poland,56.6,158.5,28.6,9.3,85.2,167.8,253.0
2017,2017.12,6,dollars,PM,St Pierre and Miquelon,0.0,0.0,0.0,0.0,0.0,0.0,0.0
2017,2017.12,6,dollars,PN,Pitcairn,1.5,0.0,0.0,0.2,1.5,0.2,1.7
2017,2017.12,6,dollars,PR,Puerto Rico,1.5,14.8,0.8,0.0,2.3,14.8,17.0
2017,2017.12,6,dollars,PT,Portugal,45.1,40.0,8.4,4.5,53.5,44.5,98.1
2017,2017.12,6,dollars,PW,Palau,1.1,0.0,0.5,0.2,1.6,0.2,1.8
2017,2017.12,6,dollars,PY,Paraguay,1.1,0.4,1.7,0.2,2.8,0.6,3.4
2017,2017.12,6,dollars,QA,Qatar,37.9,137.6,9.4,1.4,47.4,139.0,186.3
2017,2017.12,6,dollars,RE,Reunion,12.4,0.0,1.2,0.1,13.5,0.2,13.7
2017,2017.12,6,dollars,RO,Romania,5.4,36.7,5.6,2.9,10.9,39.6,50.6
2017,2017.12,6,dollars,RS,Serbia,1.5,3.2,0.3,0.0,1.9,3.2,5.1
2017,2017.12,6,dollars,RU,Russia,218.1,299.9,56.7,14.2,274.8,314.1,588.9
2017,2017.12,6,dollars,RW,Rwanda,0.3,0.6,0.8,0.7,1.1,1.3,2.4
2017,2017.12,6,dollars,SA,Saudi Arabia,575.0,329.6,92.7,8.9,667.8,338.5,1006.3
2017,2017.12,6,dollars,SB,Solomon Islands,39.6,7.5,19.6,10.0,59.3,17.5,76.8
2017,2017.12,6,dollars,SC,Seychelles,6.5,0.0,0.5,2.4,7.0,2.4,9.4
2017,2017.12,6,dollars,SD,Sudan,61.3,0.0,0.4,0.3,61.6,0.3,62.0
2017,2017.12,6,dollars,SE,Sweden,71.5,353.4,71.5,15.7,143.1,369.1,512.1
2017,2017.12,6,dollars,SG,Singapore,1141.0,1860.9,429.6,1283.0,1570.6,3143.9,4714.5
2017,2017.12,6,dollars,SH,St Helena,0.0,0.0,0.0,0.0,0.0,0.0,0.0
2017,2017.12,6,dollars,SI,Slovenia,3.5,23.6,3.7,30.0,7.2,53.6,60.8
2017,2017.12,6,dollars,SK,Slovakia,7.6,70.2,6.4,1.7,13.9,71.9,85.9
2017,2017.12,6,dollars,SL,Sierra Leone,5.1,0.7,1.0,0.7,6.1,1.4,7.5
2017,2017.12,6,dollars,SM,San Marino,0.0,0.0,0.1,0.0,0.1,0.0,0.1
2017,2017.12,6,dollars,SN,Senegal,13.0,0.1,0.3,0.1,13.2,0.2,13.4
2017,2017.12,6,dollars,SO,Somalia,4.6,0.0,0.1,0.4,4.7,0.5,5.1
2017,2017.12,6,dollars,SR,Suriname,0.2,1.0,0.1,0.0,0.3,1.0,1.3
2017,2017.12,6,dollars,SS,South Sudan,0.0,0.0,0.1,0.1,0.1,0.1,0.2
2017,2017.12,6,dollars,ST,Sao Tome and Principe,0.0,0.0,0.0,0.0,0.0,0.0,0.0
2017,2017.12,6,dollars,SV,El Salvador,8.8,2.3,0.3,0.0,9.1,2.3,11.4
2017,2017.12,6,dollars,SX,St Maarten (Dutch part),1.1,0.0,0.0,0.0,1.1,0.0,1.2
2017,2017.12,6,dollars,SY,Syria,13.5,0.0,0.2,0.0,13.7,0.1,13.8
2017,2017.12,6,dollars,SZ,Eswatini,0.0,0.9,0.7,0.2,0.8,1.1,1.9
2017,2017.12,6,dollars,TC,Turks and Caicos Islands,0.2,0.0,0.1,0.8,0.2,0.8,1.1
2017,2017.12,6,dollars,TD,Chad,0.2,0.0,0.1,0.0,0.3,0.0,0.3
2017,2017.12,6,dollars,TF,French Southern Territories,0.0,0.0,0.0,0.0,0.0,0.0,0.0
2017,2017.12,6,dollars,TG,Togo,1.0,0.2,0.2,0.0,1.2,0.3,1.4
2017,2017.12,6,dollars,TH,Thailand,881.3,2559.5,228.1,195.5,1109.3,2755.0,3864.4
2017,2017.12,6,dollars,TJ,Tajikistan,0.1,0.0,0.0,0.0,0.1,0.0,0.1
2017,2017.12,6,dollars,TK,Tokelau,0.6,0.3,0.9,2.0,1.5,2.3,3.8
2017,2017.12,6,dollars,TL,Timor-Leste,5.8,0.4,2.6,4.2,8.3,4.5,12.9
2017,2017.12,6,dollars,TM,Turkmenistan,0.3,0.0,0.1,0.0,0.3,0.0,0.3
2017,2017.12,6,dollars,TN,Tunisia,5.8,6.6,0.4,0.2,6.1,6.8,12.9
2017,2017.12,6,dollars,TO,Tonga,69.5,3.6,86.2,71.6,155.7,75.2,230.9
2017,2017.12,6,dollars,TR,Turkey,93.5,193.8,9.5,6.4,103.1,200.3,303.3
2017,2017.12,6,dollars,TT,Trinidad and Tobago,65.1,1.5,1.2,0.1,66.4,1.6,67.9
2017,2017.12,6,dollars,TV,Tuvalu,4.1,0.0,3.9,0.9,8.0,0.9,8.9
2017,2017.12,6,dollars,TW,Taiwan,1128.2,790.6,184.2,43.9,1312.3,834.5,2146.9
2017,2017.12,6,dollars,TZ,Tanzania,4.9,5.4,1.4,2.3,6.3,7.6,13.9
2017,2017.12,6,dollars,UA,Ukraine,12.4,9.4,8.2,1.2,20.6,10.7,31.3
2017,2017.12,6,dollars,UG,Uganda,0.9,0.6,0.6,0.7,1.5,1.2,2.7
2017,2017.12,6,dollars,UM,United States Minor Outlying Islands,0.0,0.0,0.0,0.0,0.0,0.0,0.0
2017,2017.12,6,dollars,US,United States of America,5324.9,5760.9,3227.2,2771.5,8552.1,8532.5,17084.6
2017,2017.12,6,dollars,UY,Uruguay,14.9,5.6,10.6,3.4,25.5,9.0,34.5
2017,2017.12,6,dollars,UZ,Uzbekistan,4.5,0.1,0.7,0.1,5.2,0.2,5.4
2017,2017.12,6,dollars,VA,Vatican City State,0.0,0.0,0.0,0.0,0.0,0.0,0.0
2017,2017.12,6,dollars,VC,St Vincent and the Grenadines,0.8,0.0,0.1,0.1,0.9,0.1,1.0
2017,2017.12,6,dollars,VE,Venezuela,0.5,0.3,2.0,0.1,2.4,0.4,2.8
2017,2017.12,6,dollars,VG,"Virgin Islands, British",0.1,0.1,1.2,0.4,1.3,0.5,1.9
2017,2017.12,6,dollars,VI,"Virgin Islands, United States",0.2,0.1,0.0,0.2,0.2,0.2,0.5
2017,2017.12,6,dollars,VN,Viet Nam,723.3,809.5,103.6,80.5,826.8,890.0,1716.8
2017,2017.12,6,dollars,VU,Vanuatu,46.5,0.7,39.6,39.1,86.1,39.7,125.8
2017,2017.12,6,dollars,WF,Wallis and Futuna,5.5,0.0,0.6,0.3,6.1,0.3,6.4
2017,2017.12,6,dollars,WS,Samoa,109.6,6.8,115.6,166.1,225.2,172.9,398.0
2017,2017.12,6,dollars,YE,Yemen,23.0,0.1,0.2,0.0,23.2,0.1,23.2
2017,2017.12,6,dollars,YT,Mayotte,0.5,0.0,0.0,0.0,0.5,0.0,0.5
2017,2017.12,6,dollars,ZA,South Africa,223.5,139.6,88.3,53.8,311.8,193.4,505.2
2017,2017.12,6,dollars,ZM,Zambia,1.1,0.1,1.0,0.5,2.1,0.6,2.8
2017,2017.12,6,dollars,ZW,Zimbabwe,3.1,1.1,2.5,2.5,5.6,3.6,9.2
2018,2018.12,6,dollars,AD,Andorra,0.6,0.0,0.7,0.1,1.3,0.1,1.4
2018,2018.12,6,dollars,AE,United Arab Emirates,819.7,2841.3,121.4,239.1,941.1,3080.4,4021.5
2018,2018.12,6,dollars,AF,Afghanistan,1.6,0.2,4.7,7.7,6.3,7.9,14.2
2018,2018.12,6,dollars,AG,Antigua and Barbuda,2.4,0.1,0.3,0.2,2.6,0.2,2.9
2018,2018.12,6,dollars,AI,Anguilla,0.0,0.0,0.0,0.1,0.0,0.1,0.1
2018,2018.12,6,dollars,AL,Albania,0.2,0.8,0.1,0.1,0.3,0.9,1.2
2018,2018.12,6,dollars,AM,Armenia,4.5,0.2,0.2,0.3,4.7,0.6,5.2
2018,2018.12,6,dollars,AN,Curacao,0.0,0.0,0.0,0.0,0.0,0.0,0.0
2018,2018.12,6,dollars,AO,Angola,7.4,0.0,0.1,0.4,7.5,0.4,7.9
2018,2018.12,6,dollars,AQ,Antarctica,1.4,0.0,1.0,0.7,2.4,0.7,3.1
2018,2018.12,6,dollars,AR,Argentina,18.5,236.7,140.8,34.1,159.2,270.8,430.0
2018,2018.12,6,dollars,AS,"Samoa, American",27.6,0.6,6.9,2.1,34.4,2.7,37.2
2018,2018.12,6,dollars,AT,Austria,46.1,286.1,43.6,53.5,89.8,339.6,429.4
2018,2018.12,6,dollars,AU,Australia,9063.6,7006.4,5065.0,5628.6,14128.6,12635.0,26763.6
2018,2018.12,6,dollars,AW,Aruba,1.4,0.0,0.3,0.1,1.6,0.1,1.7
2018,2018.12,6,dollars,AZ,Azerbaijan,35.7,0.1,0.4,0.5,36.1,0.6,36.7
2018,2018.12,6,dollars,BA,Bosnia and Herzegovina,0.2,2.7,0.2,0.2,0.4,2.9,3.3
2018,2018.12,6,dollars,BB,Barbados,28.3,1.3,5.7,4.3,34.0,5.7,39.7
2018,2018.12,6,dollars,BD,Bangladesh,320.4,138.0,25.2,5.1,345.6,143.0,488.6
2018,2018.12,6,dollars,BE,Belgium,289.3,419.2,59.4,72.1,348.7,491.3,840.0
2018,2018.12,6,dollars,BF,Burkina Faso,1.1,0.0,0.2,0.1,1.4,0.1,1.5
2018,2018.12,6,dollars,BG,Bulgaria,13.5,20.2,2.9,2.8,16.3,23.0,39.3
2018,2018.12,6,dollars,BH,Bahrain,60.4,11.7,5.0,6.4,65.4,18.0,83.4
2018,2018.12,6,dollars,BI,Burundi,0.0,1.2,0.0,0.1,0.0,1.3,1.3
2018,2018.12,6,dollars,BJ,Benin,1.1,0.0,0.1,0.0,1.2,0.0,1.2
2018,2018.12,6,dollars,BM,Bermuda,12.3,0.8,5.3,103.6,17.6,104.4,122.1
2018,2018.12,6,dollars,BN,Brunei Darussalam,5.9,0.0,6.7,1.0,12.7,1.0,13.7
2018,2018.12,6,dollars,BO,Bolivia,2.0,9.0,2.5,0.3,4.5,9.3,13.7
2018,2018.12,6,dollars,BR,Brazil,91.7,173.9,204.3,25.4,296.0,199.3,495.3
2018,2018.12,6,dollars,BS,Bahamas,2.9,0.0,5.3,1.0,8.2,1.0,9.2
2018,2018.12,6,dollars,BT,Bhutan,0.9,0.0,1.0,0.3,1.9,0.3,2.2
2018,2018.12,6,dollars,BW,Botswana,0.1,0.0,1.2,1.7,1.2,1.8,3.0
2018,2018.12,6,dollars,BY,Belarus,0.9,21.7,1.6,0.5,2.4,22.2,24.6
2018,2018.12,6,dollars,BZ,Belize,0.4,1.1,1.2,0.1,1.6,1.2,2.8
2018,2018.12,6,dollars,CA,Canada,721.4,674.7,421.8,217.8,1143.1,892.5,2035.6
2018,2018.12,6,dollars,CC,Cocos (Keeling) Islands,0.0,0.0,0.0,0.0,0.0,0.1,0.1
2018,2018.12,6,dollars,CD,"Congo, the Democratic Republic of the",5.6,0.3,0.2,0.0,5.8,0.4,6.2
2018,2018.12,6,dollars,CF,Central African Republic,0.1,0.0,0.0,0.0,0.1,0.0,0.1
2018,2018.12,6,dollars,CG,Congo,4.7,0.0,0.2,0.2,4.9,0.2,5.1
2018,2018.12,6,dollars,CH,Switzerland,138.8,389.6,230.7,523.4,369.5,913.1,1282.5
2018,2018.12,6,dollars,CI,Cote D'Ivoire,26.7,0.1,0.2,0.6,26.9,0.7,27.6
2018,2018.12,6,dollars,CK,Cook Islands,123.2,0.5,56.3,277.2,179.5,277.7,457.2
2018,2018.12,6,dollars,CL,Chile,183.0,118.6,79.1,15.7,262.1,134.3,396.4
2018,2018.12,6,dollars,CM,Cameroon,26.6,0.8,1.1,0.0,27.7,0.8,28.5
2018,2018.12,6,dollars,CN,"China, People's Republic of",13898.1,12075.7,3430.9,772.3,17329.0,12848.0,30176.9
2018,2018.12,6,dollars,CO,Colombia,16.1,25.3,50.1,4.0,66.2,29.2,95.4
2018,2018.12,6,dollars,CR,Costa Rica,16.6,13.0,2.6,2.4,19.2,15.4,34.5
2018,2018.12,6,dollars,CU,Cuba,27.7,1.3,1.3,1.3,29.0,2.6,31.6
2018,2018.12,6,dollars,CV,Cabo Verde,0.0,0.0,0.0,0.0,0.0,0.0,0.0
2018,2018.12,6,dollars,CW,Curacao,1.0,0.0,89.8,0.2,90.8,0.2,91.0
2018,2018.12,6,dollars,CX,Christmas Island,0.2,3.7,0.0,0.0,0.2,3.8,4.0
2018,2018.12,6,dollars,CY,Cyprus,17.6,3.2,1.6,2.6,19.3,5.8,25.1
2018,2018.12,6,dollars,CZ,Czechia,40.1,193.2,26.2,5.3,66.3,198.5,264.8
2018,2018.12,6,dollars,DE,Germany,860.0,3065.5,861.8,877.6,1721.8,3943.0,5664.9
2018,2018.12,6,dollars,DJ,Djibouti,0.8,1.2,0.0,0.0,0.8,1.2,1.9
2018,2018.12,6,dollars,DK,Denmark,156.1,233.0,250.1,542.7,406.2,775.7,1181.9
2018,2018.12,6,dollars,DM,Dominica,0.1,0.1,0.4,0.1,0.4,0.2,0.6
2018,2018.12,6,dollars,DO,Dominican Republic,24.4,16.4,1.8,1.6,26.2,18.0,44.2
2018,2018.12,6,dollars,DZ,Algeria,493.6,1.6,0.3,0.4,493.9,2.0,495.9
2018,2018.12,6,dollars,EC,Ecuador,6.8,59.1,5.5,2.2,12.3,61.3,73.6
2018,2018.12,6,dollars,EE,Estonia,5.2,8.5,3.2,0.5,8.5,9.0,17.5
2018,2018.12,6,dollars,EG,Egypt,344.9,7.8,3.9,7.9,348.8,15.7,364.5
2018,2018.12,6,dollars,ER,Eritrea,0.0,0.0,0.1,0.0,0.1,0.1,0.1
2018,2018.12,6,dollars,ES,Spain,150.1,476.1,84.2,43.8,234.3,519.9,754.1
2018,2018.12,6,dollars,ET,Ethiopia,1.5,5.7,1.0,4.6,2.5,10.3,12.7
2018,2018.12,6,dollars,FI,Finland,26.0,168.4,21.8,5.5,47.8,174.0,221.8
2018,2018.12,6,dollars,FJ,Fiji,491.0,57.3,191.8,421.3,682.8,478.6,1161.4
2018,2018.12,6,dollars,FK,Falkland Islands,0.6,0.0,0.2,0.1,0.8,0.1,1.0
2018,2018.12,6,dollars,FM,"Micronesia, Federated States of",3.9,0.0,2.2,0.1,6.1,0.1,6.2
2018,2018.12,6,dollars,FO,Faeroe Islands,4.5,0.0,0.4,0.0,4.9,0.0,4.9
2018,2018.12,6,dollars,FR,France,335.0,1111.0,445.5,128.3,780.5,1239.3,2019.8
2018,2018.12,6,dollars,GA,Gabon,2.4,0.6,0.1,0.1,2.6,0.7,3.3
2018,2018.12,6,dollars,GB,United Kingdom,1548.2,1701.6,1421.5,973.8,2969.7,2675.4,5645.2
2018,2018.12,6,dollars,GD,Grenada,3.4,0.0,0.1,0.0,3.5,0.0,3.5
2018,2018.12,6,dollars,GE,Georgia,30.5,1.1,0.4,1.0,30.9,2.1,33.0
2018,2018.12,6,dollars,GF,French Guiana,0.6,0.0,0.0,0.0,0.6,0.0,0.7
2018,2018.12,6,dollars,GH,Ghana,29.7,10.5,1.4,0.8,31.1,11.3,42.4
2018,2018.12,6,dollars,GI,Gibraltar,0.8,2.9,1.0,2.6,1.8,5.6,7.4
2018,2018.12,6,dollars,GL,Greenland,0.0,0.0,0.1,0.1,0.1,0.1,0.2
2018,2018.12,6,dollars,GM,Gambia,0.6,0.1,1.3,0.0,1.9,0.1,2.0
2018,2018.12,6,dollars,GN,Guinea,1.2,0.1,0.1,0.2,1.3,0.2,1.5
2018,2018.12,6,dollars,GP,Guadeloupe,7.1,0.3,0.5,0.2,7.6,0.6,8.2
2018,2018.12,6,dollars,GQ,Equatorial Guinea,1.2,0.0,0.0,0.1,1.2,0.1,1.3
2018,2018.12,6,dollars,GR,Greece,71.5,38.6,5.1,21.8,76.6,60.5,137.1
2018,2018.12,6,dollars,GS,South Georgia and the South Sandwich Islands,0.0,0.0,0.1,0.8,0.1,0.8,0.9
2018,2018.12,6,dollars,GT,Guatemala,42.0,54.3,0.7,0.4,42.7,54.7,97.4
2018,2018.12,6,dollars,GU,Guam,8.5,0.1,1.4,0.5,9.8,0.5,10.4
2018,2018.12,6,dollars,GW,Guinea-Bissau,0.0,0.0,0.0,0.0,0.0,0.0,0.0
2018,2018.12,6,dollars,GY,Guyana,27.2,1.5,0.1,0.1,27.3,1.6,28.9
2018,2018.12,6,dollars,HK,Hong Kong (Special Administrative Region),1142.2,89.7,500.9,323.5,1643.1,413.2,2056.3
2018,2018.12,6,dollars,HN,Honduras,2.1,5.4,0.1,0.1,2.2,5.6,7.8
2018,2018.12,6,dollars,HR,Croatia,3.0,4.3,3.6,13.9,6.7,18.2,24.8
2018,2018.12,6,dollars,HT,Haiti,0.3,0.9,1.1,0.1,1.4,1.0,2.4
2018,2018.12,6,dollars,HU,Hungary,7.1,82.5,7.9,4.1,15.0,86.6,101.6
2018,2018.12,6,dollars,ID,Indonesia,979.2,857.7,142.3,184.4,1121.5,1042.1,2163.6
2018,2018.12,6,dollars,IE,Ireland,62.4,240.5,55.4,151.2,117.8,391.7,509.5
2018,2018.12,6,dollars,IL,Israel,38.0,135.7,25.7,11.2,63.7,146.9,210.6
2018,2018.12,6,dollars,IN,India,711.5,708.7,1310.4,247.6,2021.8,956.3,2978.1
2018,2018.12,6,dollars,IO,British Indian Ocean Territory,8.8,0.0,0.0,0.2,8.8,0.2,9.1
2018,2018.12,6,dollars,IQ,Iraq,4.9,0.0,2.7,1.8,7.6,1.8,9.4
2018,2018.12,6,dollars,IR,Iran,141.3,5.8,7.7,8.6,149.0,14.5,163.5
2018,2018.12,6,dollars,IS,Iceland,2.3,1.6,3.1,1.5,5.4,3.1,8.5
2018,2018.12,6,dollars,IT,Italy,320.0,1244.8,73.7,87.7,393.8,1332.5,1726.3
2018,2018.12,6,dollars,JM,Jamaica,40.0,8.0,2.2,0.3,42.2,8.3,50.5
2018,2018.12,6,dollars,JO,Jordan,91.9,2.9,1.7,2.0,93.6,5.0,98.6
2018,2018.12,6,dollars,JP,Japan,3493.9,4112.7,929.8,251.4,4423.7,4364.1,8787.8
2018,2018.12,6,dollars,KE,Kenya,11.1,5.8,6.7,3.2,17.8,8.9,26.7
2018,2018.12,6,dollars,KG,Kyrgyzstan,0.1,0.0,0.3,0.0,0.4,0.1,0.5
2018,2018.12,6,dollars,KH,Cambodia,12.2,27.2,21.2,13.9,33.5,41.1,74.5
2018,2018.12,6,dollars,KI,Kiribati,12.1,0.0,6.3,6.0,18.4,6.0,24.4
2018,2018.12,6,dollars,KM,Comoros,0.4,0.0,0.1,0.0,0.5,0.0,0.5
2018,2018.12,6,dollars,KN,St Kitts and Nevis,0.0,0.0,0.1,0.0,0.1,0.0,0.1
2018,2018.12,6,dollars,KR,"Korea, Republic of",1746.4,2760.7,599.5,134.0,2345.9,2894.6,5240.5
2018,2018.12,6,dollars,KW,Kuwait,85.5,12.7,6.7,0.6,92.3,13.2,105.5
2018,2018.12,6,dollars,KY,Cayman Islands,29.5,3.2,2.4,0.2,32.0,3.4,35.4
2018,2018.12,6,dollars,KZ,Kazakhstan,1.0,1.4,4.3,0.6,5.2,2.0,7.2
2018,2018.12,6,dollars,LA,Laos,0.9,3.2,6.7,3.6,7.6,6.8,14.4
2018,2018.12,6,dollars,LB,Lebanon,17.9,1.9,0.7,1.3,18.6,3.3,21.9
2018,2018.12,6,dollars,LC,St Lucia,5.3,0.0,0.0,0.0,5.3,0.0,5.4
2018,2018.12,6,dollars,LI,Liechtenstein,0.2,1.0,1.1,2.2,1.3,3.2,4.5
2018,2018.12,6,dollars,LK,Sri Lanka,411.1,59.6,70.7,23.4,481.8,83.0,564.9
2018,2018.12,6,dollars,LR,Liberia,0.4,0.2,1.6,0.2,2.0,0.3,2.3
2018,2018.12,6,dollars,LS,Lesotho,0.0,0.2,0.0,0.0,0.0,0.2,0.2
2018,2018.12,6,dollars,LT,Lithuania,15.4,32.3,3.8,1.8,19.3,34.2,53.4
2018,2018.12,6,dollars,LU,Luxembourg,0.8,7.6,4.5,5.0,5.3,12.5,17.8
2018,2018.12,6,dollars,LV,Latvia,14.3,13.5,2.1,0.6,16.4,14.2,30.6
2018,2018.12,6,dollars,LY,Libya,28.1,0.0,0.2,0.1,28.3,0.1,28.3
2018,2018.12,6,dollars,MA,Morocco,66.8,81.4,1.5,2.9,68.2,84.3,152.6
2018,2018.12,6,dollars,MC,Monaco,0.1,2.9,2.4,0.4,2.5,3.3,5.8
2018,2018.12,6,dollars,MD,Moldova,0.3,0.5,0.2,0.3,0.5,0.8,1.3
2018,2018.12,6,dollars,ME,Montenegro,0.1,0.0,0.0,0.0,0.1,0.0,0.2
2018,2018.12,6,dollars,MG,Madagascar,3.1,1.9,0.1,0.1,3.2,2.1,5.3
2018,2018.12,6,dollars,MH,Marshall Islands,5.3,0.1,2.6,0.3,7.9,0.4,8.3
2018,2018.12,6,dollars,MK,Former Yugoslav Republic of Macedonia (FYROM),0.1,1.2,0.5,1.1,0.7,2.3,3.0
2018,2018.12,6,dollars,ML,Mali,6.6,0.2,0.4,0.5,7.0,0.7,7.6
2018,2018.12,6,dollars,MM,Myanmar,46.6,6.0,7.1,4.3,53.7,10.4,64.0
2018,2018.12,6,dollars,MN,Mongolia,8.9,0.1,1.7,1.4,10.6,1.5,12.1
2018,2018.12,6,dollars,MO,Macau (Special Administrative Region),4.7,0.5,12.8,1.1,17.4,1.6,19.0
2018,2018.12,6,dollars,MP,Northern Mariana Islands,4.2,0.0,0.2,0.0,4.5,0.0,4.5
2018,2018.12,6,dollars,MQ,Martinique,4.0,0.0,0.1,0.1,4.1,0.1,4.2
2018,2018.12,6,dollars,MR,Mauritania,0.3,0.1,0.3,0.1,0.5,0.2,0.7
2018,2018.12,6,dollars,MS,Montserrat,0.0,0.0,0.0,0.0,0.0,0.0,0.0
2018,2018.12,6,dollars,MT,Malta,5.0,3.9,5.0,2.4,10.0,6.3,16.2
2018,2018.12,6,dollars,MU,Mauritius,92.4,10.2,4.1,3.5,96.5,13.7,110.2
2018,2018.12,6,dollars,MV,Maldives,27.3,0.0,1.9,2.8,29.2,2.8,32.0
2018,2018.12,6,dollars,MW,Malawi,1.0,0.5,0.5,0.4,1.5,0.9,2.4
2018,2018.12,6,dollars,MX,Mexico,335.2,437.1,47.2,20.4,382.4,457.5,839.9
2018,2018.12,6,dollars,MY,Malaysia,1025.5,2016.5,312.4,138.3,1337.9,2154.8,3492.7
2018,2018.12,6,dollars,MZ,Mozambique,8.2,14.7,1.2,0.2,9.4,14.9,24.3
2018,2018.12,6,dollars,NA,Namibia,1.7,0.3,1.2,1.4,2.9,1.7,4.6
2018,2018.12,6,dollars,NC,New Caledonia,126.9,1.5,77.0,41.4,203.9,43.0,246.9
2018,2018.12,6,dollars,NE,Niger,0.0,0.1,1.0,0.2,1.0,0.3,1.3
2018,2018.12,6,dollars,NF,Norfolk Island,10.1,0.0,1.2,2.3,11.3,2.3,13.6
2018,2018.12,6,dollars,NG,Nigeria,156.0,0.0,3.7,1.1,159.7,1.1,160.8
2018,2018.12,6,dollars,NI,Nicaragua,26.3,6.9,0.7,0.1,27.0,7.0,34.0
2018,2018.12,6,dollars,NL,Netherlands,856.2,637.6,175.5,208.9,1031.7,846.6,1878.3
2018,2018.12,6,dollars,NO,Norway,45.1,144.0,47.6,7.3,92.7,151.3,244.0
2018,2018.12,6,dollars,NP,Nepal,9.4,1.3,41.6,10.7,51.0,12.0,63.0
2018,2018.12,6,dollars,NR,Nauru,1.5,0.0,1.0,2.0,2.5,2.0,4.5
2018,2018.12,6,dollars,NZ,New Zealand,0.0,188.8,0.0,0.0,0.0,188.8,188.8
2018,2018.12,6,dollars,OM,Oman,101.8,22.8,10.6,0.9,112.5,23.7,136.2
2018,2018.12,6,dollars,PA,Panama,55.6,2.6,1.5,0.6,57.1,3.2,60.3
2018,2018.12,6,dollars,PE,Peru,172.6,52.8,6.7,7.9,179.2,60.7,240.0
2018,2018.12,6,dollars,PF,French Polynesia,188.5,2.6,101.4,34.9,290.0,37.5,327.4
2018,2018.12,6,dollars,PG,Papua New Guinea,168.4,29.3,30.2,28.7,198.6,58.1,256.6
2018,2018.12,6,dollars,PH,Philippines,764.9,133.3,300.9,162.6,1065.9,295.9,1361.7
2018,2018.12,6,dollars,PK,Pakistan,81.1,66.4,10.9,6.3,92.0,72.6,164.6
2018,2018.12,6,dollars,PL,Poland,70.0,188.0,27.1,8.9,97.1,196.9,294.0
2018,2018.12,6,dollars,PM,St Pierre and Miquelon,0.0,0.0,0.0,0.0,0.0,0.0,0.0
2018,2018.12,6,dollars,PN,Pitcairn,1.0,0.1,0.0,0.1,1.0,0.2,1.2
2018,2018.12,6,dollars,PR,Puerto Rico,1.3,13.1,0.6,0.1,1.9,13.2,15.1
2018,2018.12,6,dollars,PT,Portugal,43.9,54.8,9.2,7.1,53.0,61.9,114.9
2018,2018.12,6,dollars,PW,Palau,2.2,0.0,0.4,0.3,2.7,0.3,3.0
2018,2018.12,6,dollars,PY,Paraguay,4.3,0.4,1.3,0.0,5.5,0.4,6.0
2018,2018.12,6,dollars,QA,Qatar,38.0,76.5,10.2,1.5,48.2,78.0,126.1
2018,2018.12,6,dollars,RE,Reunion,9.6,0.0,1.2,0.3,10.9,0.3,11.2
2018,2018.12,6,dollars,RO,Romania,9.2,50.1,6.4,2.7,15.6,52.8,68.4
2018,2018.12,6,dollars,RS,Serbia,2.5,4.8,0.4,0.0,2.8,4.8,7.6
2018,2018.12,6,dollars,RU,Russia,163.8,235.5,60.0,14.5,223.8,250.0,473.9
2018,2018.12,6,dollars,RW,Rwanda,0.3,0.8,1.2,0.7,1.5,1.5,3.0
2018,2018.12,6,dollars,SA,Saudi Arabia,594.9,533.1,105.1,8.2,700.0,541.3,1241.3
2018,2018.12,6,dollars,SB,Solomon Islands,30.4,8.5,17.7,11.0,48.0,19.5,67.5
2018,2018.12,6,dollars,SC,Seychelles,3.2,0.1,0.5,0.7,3.7,0.8,4.4
2018,2018.12,6,dollars,SD,Sudan,47.2,0.0,0.6,0.1,47.8,0.1,47.9
2018,2018.12,6,dollars,SE,Sweden,85.6,362.8,74.5,12.0,160.1,374.7,534.9
2018,2018.12,6,dollars,SG,Singapore,1258.2,2061.9,468.4,1426.6,1726.6,3488.5,5215.1
2018,2018.12,6,dollars,SH,St Helena,0.0,0.0,0.0,0.0,0.0,0.0,0.1
2018,2018.12,6,dollars,SI,Slovenia,2.7,35.6,3.6,30.3,6.3,65.9,72.2
2018,2018.12,6,dollars,SK,Slovakia,8.8,69.6,7.6,1.4,16.4,71.0,87.4
2018,2018.12,6,dollars,SL,Sierra Leone,5.9,0.3,0.8,0.7,6.7,1.0,7.7
2018,2018.12,6,dollars,SM,San Marino,0.0,0.0,0.0,0.0,0.0,0.0,0.0
2018,2018.12,6,dollars,SN,Senegal,15.6,0.1,0.3,0.3,15.9,0.4,16.4
2018,2018.12,6,dollars,SO,Somalia,7.7,0.1,0.1,0.3,7.8,0.4,8.2
2018,2018.12,6,dollars,SR,Suriname,0.2,0.4,0.0,0.0,0.2,0.4,0.6
2018,2018.12,6,dollars,SS,South Sudan,0.0,0.0,0.0,0.0,0.0,0.0,0.0
2018,2018.12,6,dollars,ST,Sao Tome and Principe,0.0,0.8,0.0,0.0,0.0,0.8,0.8
2018,2018.12,6,dollars,SV,El Salvador,12.3,4.1,0.5,0.1,12.8,4.2,17.0
2018,2018.12,6,dollars,SX,St Maarten (Dutch part),1.4,0.0,0.0,0.0,1.4,0.0,1.4
2018,2018.12,6,dollars,SY,Syria,19.1,0.0,0.4,0.2,19.4,0.2,19.7
2018,2018.12,6,dollars,SZ,Eswatini,0.0,0.4,1.7,0.2,1.7,0.6,2.3
2018,2018.12,6,dollars,TC,Turks and Caicos Islands,0.3,0.0,0.3,0.0,0.7,0.0,0.7
2018,2018.12,6,dollars,TD,Chad,0.0,0.0,0.1,0.0,0.1,0.0,0.1
2018,2018.12,6,dollars,TF,French Southern Territories,0.0,0.0,0.0,0.0,0.0,0.0,0.0
2018,2018.12,6,dollars,TG,Togo,2.5,0.1,0.3,0.1,2.8,0.2,3.0
2018,2018.12,6,dollars,TH,Thailand,924.5,2679.2,263.4,233.1,1187.9,2912.2,4100.2
2018,2018.12,6,dollars,TJ,Tajikistan,0.0,0.0,0.1,0.1,0.1,0.1,0.2
2018,2018.12,6,dollars,TK,Tokelau,0.0,0.3,1.3,0.4,1.3,0.6,2.0
2018,2018.12,6,dollars,TL,Timor-Leste,4.8,0.7,2.5,3.9,7.3,4.6,11.9
2018,2018.12,6,dollars,TM,Turkmenistan,0.0,0.0,0.0,0.0,0.0,0.0,0.0
2018,2018.12,6,dollars,TN,Tunisia,5.2,11.1,0.3,0.1,5.5,11.3,16.8
2018,2018.12,6,dollars,TO,Tonga,77.5,2.1,94.7,74.6,172.3,76.7,249.0
2018,2018.12,6,dollars,TR,Turkey,50.5,190.4,9.6,9.4,60.1,199.8,259.9
2018,2018.12,6,dollars,TT,Trinidad and Tobago,66.0,1.4,1.3,0.5,67.3,1.9,69.2
2018,2018.12,6,dollars,TV,Tuvalu,3.3,0.0,4.0,1.2,7.3,1.2,8.4
2018,2018.12,6,dollars,TW,Taiwan,1204.2,866.7,237.1,57.5,1441.3,924.1,2365.4
2018,2018.12,6,dollars,TZ,Tanzania,8.8,5.7,1.0,2.5,9.8,8.3,18.1
2018,2018.12,6,dollars,UA,Ukraine,14.4,13.8,8.0,11.9,22.3,25.7,48.0
2018,2018.12,6,dollars,UG,Uganda,0.5,0.5,0.5,1.0,1.0,1.5,2.4
2018,2018.12,6,dollars,UM,United States Minor Outlying Islands,0.0,0.1,0.0,0.1,0.0,0.2,0.2
2018,2018.12,6,dollars,US,United States of America,5500.6,6107.4,3206.9,3231.2,8707.5,9338.6,18046.1
2018,2018.12,6,dollars,UY,Uruguay,16.7,7.2,8.9,1.5,25.6,8.8,34.3
2018,2018.12,6,dollars,UZ,Uzbekistan,0.8,0.0,0.7,0.6,1.6,0.6,2.2
2018,2018.12,6,dollars,VA,Vatican City State,0.0,0.0,0.0,0.0,0.0,0.0,0.0
2018,2018.12,6,dollars,VC,St Vincent and the Grenadines,1.3,0.0,0.1,0.1,1.4,0.1,1.5
2018,2018.12,6,dollars,VE,Venezuela,0.2,0.3,2.1,0.3,2.3,0.5,2.8
2018,2018.12,6,dollars,VG,"Virgin Islands, British",8.8,0.2,0.4,0.8,9.2,1.0,10.2
2018,2018.12,6,dollars,VI,"Virgin Islands, United States",1.0,0.1,0.0,0.2,1.0,0.2,1.2
2018,2018.12,6,dollars,VN,Viet Nam,695.9,898.4,118.9,86.0,814.8,984.4,1799.3
2018,2018.12,6,dollars,VU,Vanuatu,48.0,0.9,39.4,59.4,87.4,60.2,147.6
2018,2018.12,6,dollars,WF,Wallis and Futuna,5.7,0.0,0.6,0.0,6.3,0.0,6.4
2018,2018.12,6,dollars,WS,Samoa,110.9,7.4,120.2,169.7,231.1,177.1,408.2
2018,2018.12,6,dollars,YE,Yemen,41.5,0.0,0.2,0.0,41.8,0.1,41.8
2018,2018.12,6,dollars,YT,Mayotte,1.2,0.0,0.0,0.0,1.2,0.0,1.2
2018,2018.12,6,dollars,ZA,South Africa,199.1,148.1,105.9,51.2,305.0,199.3,504.2
2018,2018.12,6,dollars,ZM,Zambia,3.1,0.3,1.2,1.0,4.3,1.3,5.6
2018,2018.12,6,dollars,ZW,Zimbabwe,0.7,2.9,2.7,2.2,3.4,5.1,8.5
